county,state,sexRatio,sexRatioBucket,year
Autauga,AL,94.7,105,2019
Baldwin,AL,94.7,105,2019
Barbour,AL,112.4,470,2019
Bibb,AL,117.5,484,2019
Blount,AL,97.6,219,2019
Bullock,AL,119.1,488,2019
Butler,AL,84.5,3,2019
Calhoun,AL,92.7,53,2019
Chambers,AL,91.6,40,2019
Cherokee,AL,97.3,207,2019
Chilton,AL,95.0,114,2019
Choctaw,AL,90.6,28,2019
Clarke,AL,89.6,19,2019
Clay,AL,93.3,67,2019
Cleburne,AL,96.1,154,2019
Coffee,AL,97.3,207,2019
Colbert,AL,92.3,47,2019
Conecuh,AL,96.2,158,2019
Coosa,AL,103.2,398,2019
Covington,AL,93.6,74,2019
Crenshaw,AL,95.1,117,2019
Cullman,AL,96.8,179,2019
Dale,AL,97.3,207,2019
Dallas,AL,85.5,4,2019
DeKalb,AL,98.1,242,2019
Elmore,AL,93.6,74,2019
Escambia,AL,103.6,406,2019
Etowah,AL,93.2,64,2019
Fayette,AL,97.4,211,2019
Franklin,AL,99.3,293,2019
Geneva,AL,94.5,99,2019
Greene,AL,85.9,5,2019
Hale,AL,90.5,28,2019
Henry,AL,94.4,97,2019
Houston,AL,92.1,44,2019
Jackson,AL,95.9,147,2019
Jefferson,AL,89.8,21,2019
Lamar,AL,95.5,133,2019
Lauderdale,AL,92.9,56,2019
Lawrence,AL,93.3,67,2019
Lee,AL,97.3,207,2019
Limestone,AL,99.7,309,2019
Lowndes,AL,91.7,41,2019
Macon,AL,85.0,4,2019
Madison,AL,95.5,133,2019
Marengo,AL,92.8,54,2019
Marion,AL,98.0,237,2019
Marshall,AL,97.6,219,2019
Mobile,AL,91.1,33,2019
Monroe,AL,91.4,36,2019
Montgomery,AL,89.3,17,2019
Morgan,AL,97.0,190,2019
Perry,AL,84.8,3,2019
Pickens,AL,90.9,31,2019
Pike,AL,92.1,44,2019
Randolph,AL,95.4,128,2019
Russell,AL,92.6,51,2019
St. Clair,AL,100.1,324,2019
Shelby,AL,93.9,82,2019
Sumter,AL,86.3,6,2019
Talladega,AL,93.4,68,2019
Tallapoosa,AL,93.3,67,2019
Tuscaloosa,AL,93.2,64,2019
Walker,AL,96.3,162,2019
Washington,AL,97.3,207,2019
Wilcox,AL,88.5,14,2019
Winston,AL,98.2,247,2019
Aleutians East,AK,150.4,507,2019
Aleutians West,AK,145.8,505,2019
Anchorage,AK,104.0,412,2019
Bethel,AK,109.5,459,2019
Bristol Bay,AK,149.3,506,2019
Denali,AK,114.9,478,2019
Dillingham,AK,105.1,427,2019
Fairbanks North Star,AK,117.0,483,2019
Haines,AK,106.2,437,2019
Hoonah-Angoon,AK,114.5,477,2019
Juneau City,AK,105.0,425,2019
Kenai Peninsula,AK,108.9,456,2019
Ketchikan Gateway,AK,105.4,431,2019
Kodiak,AK,115.9,481,2019
Kusilvak,AK,117.9,485,2019
Lake and Peninsula,AK,116.3,482,2019
Matanuska-Susitna,AK,108.5,453,2019
Nome,AK,111.3,467,2019
North Slope,AK,157.2,508,2019
Northwest Arctic,AK,118.8,488,2019
Petersburg,AK,112.3,470,2019
Prince of Wales-Hyder,AK,118.7,487,2019
Sitka City,AK,105.9,435,2019
Skagway,AK,121.0,491,2019
Southeast Fairbanks,AK,121.3,492,2019
Valdez-Cordova,AK,110.2,462,2019
Wrangell City,AK,118.5,486,2019
Yakutat City,AK,121.5,492,2019
Yukon-Koyukuk,AK,115.3,479,2019
Apache,AZ,96.7,176,2019
Cochise,AZ,103.3,400,2019
Coconino,AZ,97.6,219,2019
Gila,AZ,98.0,237,2019
Graham,AZ,115.0,478,2019
Greenlee,AZ,109.8,460,2019
La Paz,AZ,106.2,437,2019
Maricopa,AZ,97.8,227,2019
Mohave,AZ,102.1,379,2019
Navajo,AZ,100.3,330,2019
Pima,AZ,97.0,190,2019
Pinal,AZ,108.9,456,2019
Santa Cruz,AZ,92.0,43,2019
Yavapai,AZ,95.6,137,2019
Yuma,AZ,106.1,436,2019
Arkansas,AR,91.6,40,2019
Ashley,AR,94.1,89,2019
Baxter,AR,94.2,92,2019
Benton,AR,98.7,267,2019
Boone,AR,97.6,219,2019
Bradley,AR,90.2,26,2019
Calhoun,AR,101.0,350,2019
Carroll,AR,98.9,275,2019
Chicot,AR,97.5,216,2019
Clark,AR,88.4,13,2019
Clay,AR,96.9,184,2019
Cleburne,AR,98.2,247,2019
Cleveland,AR,97.2,200,2019
Columbia,AR,92.2,45,2019
Conway,AR,94.9,112,2019
Craighead,AR,95.3,123,2019
Crawford,AR,97.1,195,2019
Crittenden,AR,90.8,30,2019
Cross,AR,92.7,53,2019
Dallas,AR,97.3,207,2019
Desha,AR,90.5,28,2019
Drew,AR,96.1,154,2019
Faulkner,AR,95.5,133,2019
Franklin,AR,97.0,190,2019
Fulton,AR,99.7,309,2019
Garland,AR,92.3,47,2019
Grant,AR,96.3,162,2019
Greene,AR,96.6,172,2019
Hempstead,AR,89.6,19,2019
Hot Spring,AR,108.5,453,2019
Howard,AR,92.3,47,2019
Independence,AR,96.2,158,2019
Izard,AR,108.7,454,2019
Jackson,AR,98.0,237,2019
Jefferson,AR,97.9,232,2019
Johnson,AR,96.7,176,2019
Lafayette,AR,102.4,385,2019
Lawrence,AR,98.5,260,2019
Lee,AR,131.4,500,2019
Lincoln,AR,177.8,510,2019
Little River,AR,93.5,71,2019
Logan,AR,97.1,195,2019
Lonoke,AR,96.9,184,2019
Madison,AR,98.3,251,2019
Marion,AR,93.4,68,2019
Miller,AR,96.2,158,2019
Mississippi,AR,94.2,92,2019
Monroe,AR,88.4,13,2019
Montgomery,AR,100.1,324,2019
Nevada,AR,103.0,395,2019
Newton,AR,98.1,242,2019
Ouachita,AR,91.3,35,2019
Perry,AR,99.8,315,2019
Phillips,AR,88.5,14,2019
Pike,AR,97.6,219,2019
Poinsett,AR,95.0,114,2019
Polk,AR,93.7,77,2019
Pope,AR,96.6,172,2019
Prairie,AR,100.0,321,2019
Pulaski,AR,91.6,40,2019
Randolph,AR,99.8,315,2019
St. Francis,AR,119.4,489,2019
Saline,AR,96.3,162,2019
Scott,AR,104.9,423,2019
Searcy,AR,102.3,384,2019
Sebastian,AR,95.5,133,2019
Sevier,AR,101.0,350,2019
Sharp,AR,96.1,154,2019
Stone,AR,98.5,260,2019
Union,AR,93.9,82,2019
Van Buren,AR,97.5,216,2019
Washington,AR,99.6,305,2019
White,AR,95.5,133,2019
Woodruff,AR,85.2,4,2019
Yell,AR,100.4,332,2019
Alameda,CA,96.7,176,2019
Alpine,CA,114.2,476,2019
Amador,CA,116.0,481,2019
Butte,CA,97.9,232,2019
Calaveras,CA,99.2,290,2019
Colusa,CA,105.1,427,2019
Contra Costa,CA,95.7,139,2019
Del Norte,CA,115.6,480,2019
El Dorado,CA,99.2,290,2019
Fresno,CA,99.5,301,2019
Glenn,CA,103.3,400,2019
Humboldt,CA,98.8,269,2019
Imperial,CA,105.5,432,2019
Inyo,CA,101.6,368,2019
Kern,CA,105.1,427,2019
Kings,CA,122.6,494,2019
Lake,CA,98.6,263,2019
Lassen,CA,193.9,511,2019
Los Angeles,CA,97.2,200,2019
Madera,CA,93.2,64,2019
Marin,CA,95.5,133,2019
Mariposa,CA,103.8,409,2019
Mendocino,CA,98.3,251,2019
Merced,CA,101.9,374,2019
Modoc,CA,108.1,450,2019
Mono,CA,114.3,476,2019
Monterey,CA,104.0,412,2019
Napa,CA,99.4,297,2019
Nevada,CA,97.3,207,2019
Orange,CA,97.5,216,2019
Placer,CA,95.3,123,2019
Plumas,CA,99.0,281,2019
Riverside,CA,99.2,290,2019
Sacramento,CA,95.6,137,2019
San Benito,CA,99.8,315,2019
San Bernardino,CA,99.1,284,2019
San Diego,CA,101.4,362,2019
San Francisco,CA,104.1,413,2019
San Joaquin,CA,99.4,297,2019
San Luis Obispo,CA,102.8,392,2019
San Mateo,CA,97.7,223,2019
Santa Barbara,CA,100.2,326,2019
Santa Clara,CA,102.2,381,2019
Santa Cruz,CA,98.1,242,2019
Shasta,CA,96.6,172,2019
Sierra,CA,114.8,478,2019
Siskiyou,CA,99.8,315,2019
Solano,CA,99.0,281,2019
Sonoma,CA,95.4,128,2019
Stanislaus,CA,98.0,237,2019
Sutter,CA,99.2,290,2019
Tehama,CA,98.9,275,2019
Trinity,CA,106.0,436,2019
Tulare,CA,100.0,321,2019
Tuolumne,CA,108.4,452,2019
Ventura,CA,97.9,232,2019
Yolo,CA,94.2,92,2019
Yuba,CA,104.1,413,2019
Adams,CO,102.0,376,2019
Alamosa,CO,100.1,324,2019
Arapahoe,CO,98.0,237,2019
Archuleta,CO,100.9,347,2019
Baca,CO,96.0,150,2019
Bent,CO,182.0,511,2019
Boulder,CO,101.2,356,2019
Broomfield,CO,99.3,293,2019
Chaffee,CO,115.6,480,2019
Cheyenne,CO,99.8,315,2019
Clear Creek,CO,101.3,359,2019
Conejos,CO,101.2,356,2019
Costilla,CO,112.8,471,2019
Crowley,CO,174.0,510,2019
Custer,CO,104.6,420,2019
Delta,CO,102.3,384,2019
Denver,CO,100.3,330,2019
Dolores,CO,127.9,498,2019
Douglas,CO,99.7,309,2019
Eagle,CO,113.4,473,2019
Elbert,CO,102.5,386,2019
El Paso,CO,102.0,376,2019
Fremont,CO,139.9,503,2019
Garfield,CO,104.0,412,2019
Gilpin,CO,102.6,388,2019
Grand,CO,112.1,470,2019
Gunnison,CO,118.2,485,2019
Hinsdale,CO,81.6,1,2019
Huerfano,CO,97.0,190,2019
Jackson,CO,105.7,434,2019
Jefferson,CO,99.3,293,2019
Kiowa,CO,94.1,89,2019
Kit Carson,CO,115.7,480,2019
Lake,CO,125.1,497,2019
La Plata,CO,101.4,362,2019
Larimer,CO,99.5,301,2019
Las Animas,CO,110.4,463,2019
Lincoln,CO,175.9,510,2019
Logan,CO,117.4,483,2019
Mesa,CO,97.4,211,2019
Mineral,CO,105.0,425,2019
Moffat,CO,107.4,446,2019
Montezuma,CO,97.8,227,2019
Montrose,CO,97.0,190,2019
Morgan,CO,101.3,359,2019
Otero,CO,94.9,112,2019
Ouray,CO,103.3,400,2019
Park,CO,113.9,474,2019
Phillips,CO,107.8,448,2019
Pitkin,CO,108.9,456,2019
Prowers,CO,104.1,413,2019
Pueblo,CO,97.0,190,2019
Rio Blanco,CO,104.4,417,2019
Rio Grande,CO,99.3,293,2019
Routt,CO,108.4,452,2019
Saguache,CO,99.2,290,2019
San Juan,CO,98.3,251,2019
San Miguel,CO,111.3,467,2019
Sedgwick,CO,91.4,36,2019
Summit,CO,119.7,490,2019
Teller,CO,103.6,406,2019
Washington,CO,110.0,461,2019
Weld,CO,102.1,379,2019
Yuma,CO,99.0,281,2019
Fairfield,CT,94.9,112,2019
Hartford,CT,94.4,97,2019
Litchfield,CT,98.1,242,2019
Middlesex,CT,95.5,133,2019
New Haven,CT,93.1,62,2019
New London,CT,100.5,336,2019
Tolland,CT,100.2,326,2019
Windham,CT,98.1,242,2019
Kent,DE,93.1,62,2019
New Castle,DE,93.8,79,2019
Sussex,DE,93.6,74,2019
District of,,90.3,27,2019
Alachua,FL,93.4,68,2019
Baker,FL,108.8,455,2019
Bay,FL,98.8,269,2019
Bradford,FL,122.2,493,2019
Brevard,FL,95.8,144,2019
Broward,FL,94.9,112,2019
Calhoun,FL,122.8,494,2019
Charlotte,FL,95.5,133,2019
Citrus,FL,94.3,94,2019
Clay,FL,97.4,211,2019
Collier,FL,97.0,190,2019
Columbia,FL,107.4,446,2019
DeSoto,FL,129.7,499,2019
Dixie,FL,127.2,498,2019
Duval,FL,94.2,92,2019
Escambia,FL,98.0,237,2019
Flagler,FL,91.3,35,2019
Franklin,FL,132.6,501,2019
Gadsden,FL,90.2,26,2019
Gilchrist,FL,110.3,463,2019
Glades,FL,125.0,497,2019
Gulf,FL,140.9,503,2019
Hamilton,FL,141.9,504,2019
Hardee,FL,118.2,485,2019
Hendry,FL,112.9,472,2019
Hernando,FL,92.4,48,2019
Highlands,FL,94.9,112,2019
Hillsborough,FL,95.6,137,2019
Holmes,FL,118.7,487,2019
Indian River,FL,92.4,48,2019
Jackson,FL,121.7,493,2019
Jefferson,FL,110.4,463,2019
Lafayette,FL,145.9,505,2019
Lake,FL,94.1,89,2019
Lee,FL,96.0,150,2019
Leon,FL,90.3,27,2019
Levy,FL,95.3,123,2019
Liberty,FL,147.5,506,2019
Madison,FL,114.8,478,2019
Manatee,FL,93.7,77,2019
Marion,FL,92.3,47,2019
Martin,FL,97.9,232,2019
Miami-Dade,FL,94.5,99,2019
Monroe,FL,108.8,455,2019
Nassau,FL,98.4,254,2019
Okaloosa,FL,103.0,395,2019
Okeechobee,FL,117.2,483,2019
Orange,FL,96.3,162,2019
Osceola,FL,97.3,207,2019
Palm Beach,FL,94.1,89,2019
Pasco,FL,94.8,108,2019
Pinellas,FL,92.4,48,2019
Polk,FL,96.1,154,2019
Putnam,FL,98.0,237,2019
St. Johns,FL,94.8,108,2019
St. Lucie,FL,95.3,123,2019
Santa Rosa,FL,104.5,419,2019
Sarasota,FL,91.2,34,2019
Seminole,FL,93.5,71,2019
Sumter,FL,100.1,324,2019
Suwannee,FL,105.7,434,2019
Taylor,FL,127.4,498,2019
Union,FL,187.4,511,2019
Volusia,FL,95.1,117,2019
Wakulla,FL,118.7,487,2019
Walton,FL,102.4,385,2019
Washington,FL,118.1,485,2019
Appling,GA,102.1,379,2019
Atkinson,GA,102.9,393,2019
Bacon,GA,95.5,133,2019
Baker,GA,95.5,133,2019
Baldwin,GA,102.3,384,2019
Banks,GA,101.0,350,2019
Barrow,GA,96.2,158,2019
Bartow,GA,97.6,219,2019
Ben Hill,GA,91.5,38,2019
Berrien,GA,96.1,154,2019
Bibb,GA,88.5,14,2019
Bleckley,GA,89.6,19,2019
Brantley,GA,96.2,158,2019
Brooks,GA,95.4,128,2019
Bryan,GA,99.4,297,2019
Bulloch,GA,96.2,158,2019
Burke,GA,90.8,30,2019
Butts,GA,114.2,476,2019
Calhoun,GA,157.3,508,2019
Camden,GA,106.8,441,2019
Candler,GA,97.6,219,2019
Carroll,GA,94.8,108,2019
Catoosa,GA,92.2,45,2019
Charlton,GA,133.5,502,2019
Chatham,GA,92.8,54,2019
Chattahoochee,GA,186.6,511,2019
Chattooga,GA,107.6,447,2019
Cherokee,GA,96.9,184,2019
Clarke,GA,90.8,30,2019
Clay,GA,93.6,74,2019
Clayton,GA,88.0,12,2019
Clinch,GA,102.2,381,2019
Cobb,GA,93.8,79,2019
Coffee,GA,106.2,437,2019
Colquitt,GA,97.9,232,2019
Columbia,GA,95.9,147,2019
Cook,GA,91.9,42,2019
Coweta,GA,94.9,112,2019
Crawford,GA,111.0,466,2019
Crisp,GA,93.2,64,2019
Dade,GA,95.5,133,2019
Dawson,GA,99.3,293,2019
Decatur,GA,92.5,50,2019
DeKalb,GA,89.7,20,2019
Dodge,GA,111.0,466,2019
Dooly,GA,117.9,485,2019
Dougherty,GA,85.8,5,2019
Douglas,GA,91.0,32,2019
Early,GA,86.8,7,2019
Echols,GA,90.2,26,2019
Effingham,GA,98.1,242,2019
Elbert,GA,92.4,48,2019
Emanuel,GA,96.2,158,2019
Evans,GA,98.0,237,2019
Fannin,GA,94.2,92,2019
Fayette,GA,94.1,89,2019
Floyd,GA,93.7,77,2019
Forsyth,GA,98.8,269,2019
Franklin,GA,95.4,128,2019
Fulton,GA,93.8,79,2019
Gilmer,GA,99.6,305,2019
Glascock,GA,95.2,119,2019
Glynn,GA,88.9,16,2019
Gordon,GA,98.0,237,2019
Grady,GA,94.7,105,2019
Greene,GA,96.8,179,2019
Gwinnett,GA,95.5,133,2019
Habersham,GA,90.0,22,2019
Hall,GA,99.0,281,2019
Hancock,GA,130.2,499,2019
Haralson,GA,93.5,71,2019
Harris,GA,101.1,352,2019
Hart,GA,96.6,172,2019
Heard,GA,97.6,219,2019
Henry,GA,91.2,34,2019
Houston,GA,94.1,89,2019
Irwin,GA,111.1,466,2019
Jackson,GA,98.2,247,2019
Jasper,GA,93.7,77,2019
Jeff Davis,GA,95.6,137,2019
Jefferson,GA,92.9,56,2019
Jenkins,GA,87.1,8,2019
Johnson,GA,131.5,501,2019
Jones,GA,92.4,48,2019
Lamar,GA,95.3,123,2019
Lanier,GA,93.9,82,2019
Laurens,GA,89.8,21,2019
Lee,GA,99.8,315,2019
Liberty,GA,103.1,397,2019
Lincoln,GA,87.9,12,2019
Long,GA,102.4,385,2019
Lowndes,GA,94.8,108,2019
Lumpkin,GA,94.4,97,2019
McDuffie,GA,84.5,3,2019
McIntosh,GA,101.2,356,2019
Macon,GA,120.2,490,2019
Madison,GA,96.5,168,2019
Marion,GA,91.6,40,2019
Meriwether,GA,94.1,89,2019
Miller,GA,94.1,89,2019
Mitchell,GA,107.7,447,2019
Monroe,GA,100.0,321,2019
Montgomery,GA,105.1,427,2019
Morgan,GA,96.0,150,2019
Murray,GA,98.2,247,2019
Muscogee,GA,95.3,123,2019
Newton,GA,90.1,24,2019
Oconee,GA,96.6,172,2019
Oglethorpe,GA,102.5,386,2019
Paulding,GA,95.2,119,2019
Peach,GA,94.7,105,2019
Pickens,GA,98.3,251,2019
Pierce,GA,101.5,365,2019
Pike,GA,95.7,139,2019
Polk,GA,96.7,176,2019
Pulaski,GA,86.4,6,2019
Putnam,GA,94.0,85,2019
Quitman,GA,90.4,27,2019
Rabun,GA,97.5,216,2019
Randolph,GA,94.0,85,2019
Richmond,GA,93.6,74,2019
Rockdale,GA,89.0,16,2019
Schley,GA,97.2,200,2019
Screven,GA,94.6,102,2019
Seminole,GA,90.3,27,2019
Spalding,GA,93.9,82,2019
Stephens,GA,87.0,7,2019
Stewart,GA,198.8,511,2019
Sumter,GA,89.5,18,2019
Talbot,GA,93.3,67,2019
Taliaferro,GA,96.9,184,2019
Tattnall,GA,142.7,504,2019
Taylor,GA,90.8,30,2019
Telfair,GA,135.9,502,2019
Terrell,GA,91.1,33,2019
Thomas,GA,91.0,32,2019
Tift,GA,94.3,94,2019
Toombs,GA,86.1,6,2019
Towns,GA,88.8,15,2019
Treutlen,GA,105.9,435,2019
Troup,GA,91.5,38,2019
Turner,GA,91.8,42,2019
Twiggs,GA,96.3,162,2019
Union,GA,95.1,117,2019
Upson,GA,90.8,30,2019
Walker,GA,98.2,247,2019
Walton,GA,94.3,94,2019
Ware,GA,101.4,362,2019
Warren,GA,87.3,9,2019
Washington,GA,105.0,425,2019
Wayne,GA,101.4,362,2019
Webster,GA,95.1,117,2019
Wheeler,GA,171.9,509,2019
White,GA,95.4,128,2019
Whitfield,GA,98.4,254,2019
Wilcox,GA,149.4,507,2019
Wilkes,GA,94.0,85,2019
Wilkinson,GA,90.2,26,2019
Worth,GA,92.9,56,2019
Hawaii,HI,98.6,263,2019
Honolulu,HI,101.5,365,2019
Kalawao,HI,83.3,2,2019
Kauai,HI,98.0,237,2019
Maui,HI,99.1,284,2019
Ada,ID,100.4,332,2019
Adams,ID,106.4,438,2019
Bannock,ID,99.3,293,2019
Bear Lake,ID,97.2,200,2019
Benewah,ID,102.3,384,2019
Bingham,ID,100.0,321,2019
Blaine,ID,106.2,437,2019
Boise,ID,105.0,425,2019
Bonner,ID,99.5,301,2019
Bonneville,ID,100.4,332,2019
Boundary,ID,99.9,317,2019
Butte,ID,111.2,466,2019
Camas,ID,90.2,26,2019
Canyon,ID,97.9,232,2019
Caribou,ID,105.5,432,2019
Cassia,ID,103.5,404,2019
Clark,ID,110.9,465,2019
Clearwater,ID,125.7,497,2019
Custer,ID,106.2,437,2019
Elmore,ID,110.8,464,2019
Franklin,ID,105.6,433,2019
Fremont,ID,107.7,447,2019
Gem,ID,98.9,275,2019
Gooding,ID,105.4,431,2019
Idaho,ID,110.9,465,2019
Jefferson,ID,103.7,407,2019
Jerome,ID,102.0,376,2019
Kootenai,ID,97.7,223,2019
Latah,ID,105.2,429,2019
Lemhi,ID,103.3,400,2019
Lewis,ID,98.0,237,2019
Lincoln,ID,110.2,462,2019
Madison,ID,103.4,402,2019
Minidoka,ID,99.9,317,2019
Nez Perce,ID,97.3,207,2019
Oneida,ID,95.8,144,2019
Owyhee,ID,106.3,438,2019
Payette,ID,98.5,260,2019
Power,ID,102.4,385,2019
Shoshone,ID,99.8,315,2019
Teton,ID,109.5,459,2019
Twin Falls,ID,97.0,190,2019
Valley,ID,102.1,379,2019
Washington,ID,95.9,147,2019
Adams,IL,95.5,133,2019
Alexander,IL,91.5,38,2019
Bond,IL,107.2,444,2019
Boone,IL,100.2,326,2019
Brown,IL,172.2,509,2019
Bureau,IL,97.3,207,2019
Calhoun,IL,100.4,332,2019
Carroll,IL,98.5,260,2019
Cass,IL,99.7,309,2019
Champaign,IL,99.4,297,2019
Christian,IL,102.2,381,2019
Clark,IL,97.4,211,2019
Clay,IL,99.7,309,2019
Clinton,IL,108.7,454,2019
Coles,IL,94.0,85,2019
Cook,IL,94.3,94,2019
Crawford,IL,109.3,458,2019
Cumberland,IL,102.2,381,2019
DeKalb,IL,98.4,254,2019
De Witt,IL,99.5,301,2019
Douglas,IL,98.2,247,2019
DuPage,IL,96.5,168,2019
Edgar,IL,96.3,162,2019
Edwards,IL,99.4,297,2019
Effingham,IL,98.7,267,2019
Fayette,IL,113.6,473,2019
Ford,IL,97.5,216,2019
Franklin,IL,97.3,207,2019
Fulton,IL,109.2,457,2019
Gallatin,IL,94.7,105,2019
Greene,IL,100.8,344,2019
Grundy,IL,99.8,315,2019
Hamilton,IL,99.2,290,2019
Hancock,IL,99.6,305,2019
Hardin,IL,99.8,315,2019
Henderson,IL,97.2,200,2019
Henry,IL,99.2,290,2019
Iroquois,IL,95.4,128,2019
Jackson,IL,97.8,227,2019
Jasper,IL,99.0,281,2019
Jefferson,IL,105.5,432,2019
Jersey,IL,95.6,137,2019
Jo Daviess,IL,101.3,359,2019
Johnson,IL,125.0,497,2019
Kane,IL,99.2,290,2019
Kankakee,IL,97.0,190,2019
Kendall,IL,97.2,200,2019
Knox,IL,102.7,390,2019
Lake,IL,99.8,315,2019
LaSalle,IL,101.4,362,2019
Lawrence,IL,118.3,486,2019
Lee,IL,113.7,474,2019
Livingston,IL,104.6,420,2019
Logan,IL,97.2,200,2019
McDonough,IL,95.0,114,2019
McHenry,IL,99.3,293,2019
McLean,IL,94.6,102,2019
Macon,IL,92.1,44,2019
Macoupin,IL,98.3,251,2019
Madison,IL,95.1,117,2019
Marion,IL,97.3,207,2019
Marshall,IL,98.3,251,2019
Mason,IL,97.0,190,2019
Massac,IL,89.5,18,2019
Menard,IL,96.1,154,2019
Mercer,IL,99.9,317,2019
Monroe,IL,96.6,172,2019
Montgomery,IL,110.5,463,2019
Morgan,IL,100.6,339,2019
Moultrie,IL,96.7,176,2019
Ogle,IL,98.4,254,2019
Peoria,IL,94.1,89,2019
Perry,IL,120.8,491,2019
Piatt,IL,97.0,190,2019
Pike,IL,97.7,223,2019
Pope,IL,116.5,482,2019
Pulaski,IL,97.3,207,2019
Putnam,IL,107.4,446,2019
Randolph,IL,124.0,495,2019
Richland,IL,97.8,227,2019
Rock Island,IL,97.2,200,2019
St. Clair,IL,93.5,71,2019
Saline,IL,96.9,184,2019
Sangamon,IL,92.3,47,2019
Schuyler,IL,109.9,460,2019
Scott,IL,94.9,112,2019
Shelby,IL,97.3,207,2019
Stark,IL,97.6,219,2019
Stephenson,IL,93.7,77,2019
Tazewell,IL,96.9,184,2019
Union,IL,100.6,339,2019
Vermilion,IL,98.9,275,2019
Wabash,IL,96.4,165,2019
Warren,IL,91.0,32,2019
Washington,IL,101.1,352,2019
Wayne,IL,97.8,227,2019
White,IL,95.8,144,2019
Whiteside,IL,97.9,232,2019
Will,IL,98.5,260,2019
Williamson,IL,99.5,301,2019
Winnebago,IL,95.4,128,2019
Woodford,IL,100.1,324,2019
Adams,IN,99.6,305,2019
Allen,IN,95.6,137,2019
Bartholomew,IN,99.7,309,2019
Benton,IN,99.7,309,2019
Blackford,IN,98.6,263,2019
Boone,IN,97.9,232,2019
Brown,IN,95.4,128,2019
Carroll,IN,101.0,350,2019
Cass,IN,100.8,344,2019
Clark,IN,95.3,123,2019
Clay,IN,97.1,195,2019
Clinton,IN,99.1,284,2019
Crawford,IN,102.7,390,2019
Daviess,IN,101.5,365,2019
Dearborn,IN,99.3,293,2019
Decatur,IN,98.5,260,2019
DeKalb,IN,99.5,301,2019
Delaware,IN,93.4,68,2019
Dubois,IN,99.1,284,2019
Elkhart,IN,98.0,237,2019
Fayette,IN,96.7,176,2019
Floyd,IN,93.3,67,2019
Fountain,IN,101.0,350,2019
Franklin,IN,97.3,207,2019
Fulton,IN,97.2,200,2019
Gibson,IN,101.1,352,2019
Grant,IN,91.2,34,2019
Greene,IN,98.7,267,2019
Hamilton,IN,95.3,123,2019
Hancock,IN,97.2,200,2019
Harrison,IN,98.9,275,2019
Hendricks,IN,99.7,309,2019
Henry,IN,111.0,466,2019
Howard,IN,93.9,82,2019
Huntington,IN,97.2,200,2019
Jackson,IN,98.5,260,2019
Jasper,IN,100.1,324,2019
Jay,IN,100.6,339,2019
Jefferson,IN,90.9,31,2019
Jennings,IN,101.6,368,2019
Johnson,IN,96.5,168,2019
Knox,IN,103.1,397,2019
Kosciusko,IN,99.8,315,2019
LaGrange,IN,102.2,381,2019
Lake,IN,93.7,77,2019
LaPorte,IN,106.2,437,2019
Lawrence,IN,97.5,216,2019
Madison,IN,99.8,315,2019
Marion,IN,93.0,59,2019
Marshall,IN,99.6,305,2019
Martin,IN,102.1,379,2019
Miami,IN,113.3,472,2019
Monroe,IN,99.0,281,2019
Montgomery,IN,102.6,388,2019
Morgan,IN,98.1,242,2019
Newton,IN,99.8,315,2019
Noble,IN,101.0,350,2019
Ohio,IN,99.0,281,2019
Orange,IN,100.7,341,2019
Owen,IN,104.3,416,2019
Parke,IN,93.1,62,2019
Perry,IN,114.4,476,2019
Pike,IN,99.6,305,2019
Porter,IN,98.0,237,2019
Posey,IN,99.4,297,2019
Pulaski,IN,101.6,368,2019
Putnam,IN,112.1,470,2019
Randolph,IN,96.1,154,2019
Ripley,IN,97.8,227,2019
Rush,IN,94.7,105,2019
St. Joseph,IN,94.6,102,2019
Scott,IN,96.7,176,2019
Shelby,IN,96.9,184,2019
Spencer,IN,100.8,344,2019
Starke,IN,99.1,284,2019
Steuben,IN,103.8,409,2019
Sullivan,IN,114.7,477,2019
Switzerland,IN,107.4,446,2019
Tippecanoe,IN,104.3,416,2019
Tipton,IN,98.9,275,2019
Union,IN,95.8,144,2019
Vanderburgh,IN,93.6,74,2019
Vermillion,IN,100.2,326,2019
Vigo,IN,103.1,397,2019
Wabash,IN,95.5,133,2019
Warren,IN,99.5,301,2019
Warrick,IN,97.0,190,2019
Washington,IN,99.4,297,2019
Wayne,IN,94.5,99,2019
Wells,IN,96.2,158,2019
White,IN,99.8,315,2019
Whitley,IN,98.7,267,2019
Adair,IA,97.9,232,2019
Adams,IA,99.5,301,2019
Allamakee,IA,102.0,376,2019
Appanoose,IA,97.2,200,2019
Audubon,IA,98.9,275,2019
Benton,IA,99.5,301,2019
Black Hawk,IA,96.7,176,2019
Boone,IA,100.3,330,2019
Bremer,IA,98.1,242,2019
Buchanan,IA,97.6,219,2019
Buena Vista,IA,99.4,297,2019
Butler,IA,99.4,297,2019
Calhoun,IA,107.9,449,2019
Carroll,IA,97.4,211,2019
Cass,IA,97.3,207,2019
Cedar,IA,98.9,275,2019
Cerro Gordo,IA,95.3,123,2019
Cherokee,IA,101.7,370,2019
Chickasaw,IA,102.6,388,2019
Clarke,IA,96.1,154,2019
Clay,IA,97.4,211,2019
Clayton,IA,103.1,397,2019
Clinton,IA,95.9,147,2019
Crawford,IA,99.4,297,2019
Dallas,IA,97.4,211,2019
Davis,IA,97.5,216,2019
Decatur,IA,101.0,350,2019
Delaware,IA,100.8,344,2019
Des Moines,IA,94.6,102,2019
Dickinson,IA,99.0,281,2019
Dubuque,IA,97.3,207,2019
Emmet,IA,100.4,332,2019
Fayette,IA,101.1,352,2019
Floyd,IA,96.6,172,2019
Franklin,IA,99.0,281,2019
Fremont,IA,99.0,281,2019
Greene,IA,96.6,172,2019
Grundy,IA,98.0,237,2019
Guthrie,IA,97.9,232,2019
Hamilton,IA,96.8,179,2019
Hancock,IA,100.6,339,2019
Hardin,IA,99.8,315,2019
Harrison,IA,99.6,305,2019
Henry,IA,103.3,400,2019
Howard,IA,100.0,321,2019
Humboldt,IA,96.1,154,2019
Ida,IA,99.5,301,2019
Iowa,IA,98.2,247,2019
Jackson,IA,100.3,330,2019
Jasper,IA,104.3,416,2019
Jefferson,IA,96.0,150,2019
Johnson,IA,98.2,247,2019
Jones,IA,107.1,443,2019
Keokuk,IA,103.4,402,2019
Kossuth,IA,100.5,336,2019
Lee,IA,101.8,372,2019
Linn,IA,97.3,207,2019
Louisa,IA,105.1,427,2019
Lucas,IA,101.2,356,2019
Lyon,IA,104.3,416,2019
Madison,IA,102.4,385,2019
Mahaska,IA,101.2,356,2019
Marion,IA,98.9,275,2019
Marshall,IA,103.3,400,2019
Mills,IA,100.0,321,2019
Mitchell,IA,97.4,211,2019
Monona,IA,91.9,42,2019
Monroe,IA,99.1,284,2019
Montgomery,IA,93.2,64,2019
Muscatine,IA,98.9,275,2019
O'Brien,IA,97.9,232,2019
Osceola,IA,102.2,381,2019
Page,IA,110.0,461,2019
Palo Alto,IA,98.5,260,2019
Plymouth,IA,96.3,162,2019
Pocahontas,IA,95.4,128,2019
Polk,IA,97.2,200,2019
Pottawattamie,IA,97.2,200,2019
Poweshiek,IA,92.6,51,2019
Ringgold,IA,95.0,114,2019
Sac,IA,97.5,216,2019
Scott,IA,96.3,162,2019
Shelby,IA,95.9,147,2019
Sioux,IA,100.8,344,2019
Story,IA,109.3,458,2019
Tama,IA,98.3,251,2019
Taylor,IA,103.3,400,2019
Union,IA,94.4,97,2019
Van Buren,IA,105.2,429,2019
Wapello,IA,98.1,242,2019
Warren,IA,95.8,144,2019
Washington,IA,98.5,260,2019
Wayne,IA,97.1,195,2019
Webster,IA,106.8,441,2019
Winnebago,IA,97.0,190,2019
Winneshiek,IA,98.6,263,2019
Woodbury,IA,98.0,237,2019
Worth,IA,101.8,372,2019
Wright,IA,102.0,376,2019
Allen,KS,98.1,242,2019
Anderson,KS,98.7,267,2019
Atchison,KS,93.1,62,2019
Barber,KS,103.5,404,2019
Barton,KS,97.2,200,2019
Bourbon,KS,97.1,195,2019
Brown,KS,96.9,184,2019
Butler,KS,102.6,388,2019
Chase,KS,105.5,432,2019
Chautauqua,KS,110.9,465,2019
Cherokee,KS,98.5,260,2019
Cheyenne,KS,99.0,281,2019
Clark,KS,107.6,447,2019
Clay,KS,99.8,315,2019
Cloud,KS,99.2,290,2019
Coffey,KS,103.8,409,2019
Comanche,KS,113.8,474,2019
Cowley,KS,102.0,376,2019
Crawford,KS,100.1,324,2019
Decatur,KS,99.2,290,2019
Dickinson,KS,101.6,368,2019
Doniphan,KS,104.2,414,2019
Douglas,KS,98.4,254,2019
Edwards,KS,99.4,297,2019
Elk,KS,95.6,137,2019
Ellis,KS,99.2,290,2019
Ellsworth,KS,131.2,500,2019
Finney,KS,105.8,435,2019
Ford,KS,108.1,450,2019
Franklin,KS,96.4,165,2019
Geary,KS,114.6,477,2019
Gove,KS,101.2,356,2019
Graham,KS,100.2,326,2019
Grant,KS,108.6,453,2019
Gray,KS,100.8,344,2019
Greeley,KS,101.2,356,2019
Greenwood,KS,101.6,368,2019
Hamilton,KS,119.9,490,2019
Harper,KS,103.6,406,2019
Harvey,KS,98.9,275,2019
Haskell,KS,100.8,344,2019
Hodgeman,KS,103.9,410,2019
Jackson,KS,99.8,315,2019
Jefferson,KS,102.5,386,2019
Jewell,KS,104.3,416,2019
Johnson,KS,96.2,158,2019
Kearny,KS,90.9,31,2019
Kingman,KS,100.1,324,2019
Kiowa,KS,94.3,94,2019
Labette,KS,96.9,184,2019
Lane,KS,104.2,414,2019
Leavenworth,KS,115.5,480,2019
Lincoln,KS,105.3,429,2019
Linn,KS,100.5,336,2019
Logan,KS,100.8,344,2019
Lyon,KS,94.0,85,2019
McPherson,KS,97.1,195,2019
Marion,KS,100.4,332,2019
Marshall,KS,100.5,336,2019
Meade,KS,100.0,321,2019
Miami,KS,99.4,297,2019
Mitchell,KS,103.5,404,2019
Montgomery,KS,99.3,293,2019
Morris,KS,99.3,293,2019
Morton,KS,99.7,309,2019
Nemaha,KS,102.7,390,2019
Neosho,KS,98.3,251,2019
Ness,KS,104.8,422,2019
Norton,KS,124.3,496,2019
Osage,KS,100.3,330,2019
Osborne,KS,100.0,321,2019
Ottawa,KS,106.1,436,2019
Pawnee,KS,124.0,495,2019
Phillips,KS,97.1,195,2019
Pottawatomie,KS,100.2,326,2019
Pratt,KS,99.9,317,2019
Rawlins,KS,104.2,414,2019
Reno,KS,101.3,359,2019
Republic,KS,93.0,59,2019
Rice,KS,101.0,350,2019
Riley,KS,112.6,471,2019
Rooks,KS,92.5,50,2019
Rush,KS,98.9,275,2019
Russell,KS,98.7,267,2019
Saline,KS,98.5,260,2019
Scott,KS,108.2,451,2019
Sedgwick,KS,97.6,219,2019
Seward,KS,104.3,416,2019
Shawnee,KS,93.6,74,2019
Sheridan,KS,105.4,431,2019
Sherman,KS,108.2,451,2019
Smith,KS,98.1,242,2019
Stafford,KS,103.5,404,2019
Stanton,KS,96.9,184,2019
Stevens,KS,102.6,388,2019
Sumner,KS,100.0,321,2019
Thomas,KS,93.5,71,2019
Trego,KS,100.3,330,2019
Wabaunsee,KS,102.7,390,2019
Wallace,KS,95.3,123,2019
Washington,KS,104.5,419,2019
Wichita,KS,88.3,13,2019
Wilson,KS,96.3,162,2019
Woodson,KS,103.5,404,2019
Wyandotte,KS,98.5,260,2019
Adair,KY,98.5,260,2019
Allen,KY,99.7,309,2019
Anderson,KY,96.0,150,2019
Ballard,KY,97.5,216,2019
Barren,KY,92.8,54,2019
Bath,KY,98.9,275,2019
Bell,KY,96.7,176,2019
Boone,KY,98.6,263,2019
Bourbon,KY,92.1,44,2019
Boyd,KY,100.1,324,2019
Boyle,KY,100.3,330,2019
Bracken,KY,101.5,365,2019
Breathitt,KY,100.8,344,2019
Breckinridge,KY,101.7,370,2019
Bullitt,KY,99.9,317,2019
Butler,KY,101.2,356,2019
Caldwell,KY,96.8,179,2019
Calloway,KY,94.2,92,2019
Campbell,KY,95.7,139,2019
Carlisle,KY,95.6,137,2019
Carroll,KY,105.0,425,2019
Carter,KY,96.6,172,2019
Casey,KY,95.2,119,2019
Christian,KY,113.5,473,2019
Clark,KY,95.4,128,2019
Clay,KY,110.1,461,2019
Clinton,KY,99.9,317,2019
Crittenden,KY,104.3,416,2019
Cumberland,KY,94.5,99,2019
Daviess,KY,95.5,133,2019
Edmonson,KY,101.6,368,2019
Elliott,KY,131.7,501,2019
Estill,KY,97.3,207,2019
Fayette,KY,96.2,158,2019
Fleming,KY,97.2,200,2019
Floyd,KY,95.5,133,2019
Franklin,KY,94.3,94,2019
Fulton,KY,100.8,344,2019
Gallatin,KY,105.8,435,2019
Garrard,KY,95.2,119,2019
Grant,KY,97.6,219,2019
Graves,KY,97.0,190,2019
Grayson,KY,99.2,290,2019
Green,KY,96.1,154,2019
Greenup,KY,95.8,144,2019
Hancock,KY,107.8,448,2019
Hardin,KY,99.2,290,2019
Harlan,KY,93.1,62,2019
Harrison,KY,97.5,216,2019
Hart,KY,96.8,179,2019
Henderson,KY,93.4,68,2019
Henry,KY,98.9,275,2019
Hickman,KY,90.1,24,2019
Hopkins,KY,95.4,128,2019
Jackson,KY,98.4,254,2019
Jefferson,KY,93.6,74,2019
Jessamine,KY,93.5,71,2019
Johnson,KY,96.6,172,2019
Kenton,KY,97.9,232,2019
Knott,KY,96.8,179,2019
Knox,KY,95.3,123,2019
Larue,KY,97.3,207,2019
Laurel,KY,95.8,144,2019
Lawrence,KY,98.3,251,2019
Lee,KY,111.3,467,2019
Leslie,KY,96.3,162,2019
Letcher,KY,94.8,108,2019
Lewis,KY,100.3,330,2019
Lincoln,KY,95.9,147,2019
Livingston,KY,98.4,254,2019
Logan,KY,95.3,123,2019
Lyon,KY,111.4,468,2019
McCracken,KY,92.3,47,2019
McCreary,KY,120.0,490,2019
McLean,KY,97.4,211,2019
Madison,KY,94.9,112,2019
Magoffin,KY,99.8,315,2019
Marion,KY,102.9,393,2019
Marshall,KY,95.3,123,2019
Martin,KY,123.4,494,2019
Mason,KY,98.5,260,2019
Meade,KY,102.0,376,2019
Menifee,KY,112.7,471,2019
Mercer,KY,96.7,176,2019
Metcalfe,KY,99.2,290,2019
Monroe,KY,100.7,341,2019
Montgomery,KY,97.1,195,2019
Morgan,KY,128.8,499,2019
Muhlenberg,KY,97.0,190,2019
Nelson,KY,99.7,309,2019
Nicholas,KY,92.6,51,2019
Ohio,KY,96.9,184,2019
Oldham,KY,110.0,461,2019
Owen,KY,98.9,275,2019
Owsley,KY,83.3,2,2019
Pendleton,KY,103.8,409,2019
Perry,KY,98.0,237,2019
Pike,KY,94.3,94,2019
Powell,KY,96.2,158,2019
Pulaski,KY,94.8,108,2019
Robertson,KY,85.9,5,2019
Rockcastle,KY,94.1,89,2019
Rowan,KY,93.0,59,2019
Russell,KY,94.7,105,2019
Scott,KY,97.2,200,2019
Shelby,KY,94.2,92,2019
Simpson,KY,97.0,190,2019
Spencer,KY,102.4,385,2019
Taylor,KY,96.0,150,2019
Todd,KY,97.7,223,2019
Trigg,KY,99.2,290,2019
Trimble,KY,97.3,207,2019
Union,KY,109.3,458,2019
Warren,KY,95.9,147,2019
Washington,KY,96.4,165,2019
Wayne,KY,99.1,284,2019
Webster,KY,98.3,251,2019
Whitley,KY,96.0,150,2019
Wolfe,KY,100.0,321,2019
Woodford,KY,89.7,20,2019
Acadia,LA,95.1,117,2019
Allen,LA,131.3,500,2019
Ascension,LA,97.7,223,2019
Assumption,LA,93.6,74,2019
Avoyelles,LA,101.5,365,2019
Beauregard,LA,103.4,402,2019
Bienville,LA,89.3,17,2019
Bossier,LA,97.3,207,2019
Caddo,LA,90.0,22,2019
Calcasieu,LA,95.3,123,2019
Caldwell,LA,110.2,462,2019
Cameron,LA,93.8,79,2019
Catahoula,LA,110.7,464,2019
Claiborne,LA,133.2,501,2019
Concordia,LA,103.3,400,2019
De Soto,LA,95.0,114,2019
East Baton Rouge,LA,91.7,41,2019
East Carroll,LA,154.6,507,2019
East Feliciana,LA,125.6,497,2019
Evangeline,LA,105.2,429,2019
Franklin,LA,95.6,137,2019
Grant,LA,129.9,499,2019
Iberia,LA,95.7,139,2019
Iberville,LA,101.5,365,2019
Jackson,LA,102.9,393,2019
Jefferson,LA,94.0,85,2019
Jefferson Davis,LA,97.9,232,2019
Lafayette,LA,95.2,119,2019
Lafourche,LA,96.6,172,2019
LaSalle,LA,108.8,455,2019
Lincoln,LA,94.6,102,2019
Livingston,LA,96.5,168,2019
Madison,LA,99.2,290,2019
Morehouse,LA,92.5,50,2019
Natchitoches,LA,91.9,42,2019
Orleans,LA,90.3,27,2019
Ouachita,LA,92.2,45,2019
Plaquemines,LA,101.3,359,2019
Pointe Coupee,LA,92.4,48,2019
Rapides,LA,93.8,79,2019
Red River,LA,88.6,14,2019
Richland,LA,94.9,112,2019
Sabine,LA,97.7,223,2019
St. Bernard,LA,95.7,139,2019
St. Charles,LA,100.1,324,2019
St. Helena,LA,93.6,74,2019
St. James,LA,90.3,27,2019
St. John the Baptist,LA,96.2,158,2019
St. Landry,LA,93.3,67,2019
St. Martin,LA,96.9,184,2019
St. Mary,LA,97.9,232,2019
St. Tammany,LA,94.3,94,2019
Tangipahoa,LA,93.9,82,2019
Tensas,LA,97.1,195,2019
Terrebonne,LA,97.6,219,2019
Union,LA,99.5,301,2019
Vermilion,LA,93.6,74,2019
Vernon,LA,112.3,470,2019
Washington,LA,97.5,216,2019
Webster,LA,95.5,133,2019
West Baton Rouge,LA,95.3,123,2019
West Carroll,LA,102.7,390,2019
West Feliciana,LA,177.8,510,2019
Winn,LA,114.0,475,2019
Androscoggin,ME,95.5,133,2019
Aroostook,ME,97.9,232,2019
Cumberland,ME,94.2,92,2019
Franklin,ME,96.2,158,2019
Hancock,ME,93.4,68,2019
Kennebec,ME,95.3,123,2019
Knox,ME,99.4,297,2019
Lincoln,ME,96.1,154,2019
Oxford,ME,97.8,227,2019
Penobscot,ME,98.3,251,2019
Piscataquis,ME,99.8,315,2019
Sagadahoc,ME,95.7,139,2019
Somerset,ME,98.1,242,2019
Waldo,ME,96.4,165,2019
Washington,ME,96.5,168,2019
York,ME,95.2,119,2019
Allegany,MD,109.5,459,2019
Anne Arundel,MD,97.9,232,2019
Baltimore,MD,90.1,24,2019
Calvert,MD,99.1,284,2019
Caroline,MD,95.8,144,2019
Carroll,MD,97.9,232,2019
Cecil,MD,99.0,281,2019
Charles,MD,92.9,56,2019
Dorchester,MD,89.5,18,2019
Frederick,MD,97.2,200,2019
Garrett,MD,98.1,242,2019
Harford,MD,96.0,150,2019
Howard,MD,95.7,139,2019
Kent,MD,90.7,29,2019
Montgomery,MD,93.5,71,2019
Prince George's,MD,92.8,54,2019
Queen Anne's,MD,98.5,260,2019
St. Mary's,MD,100.0,321,2019
Somerset,MD,118.0,485,2019
Talbot,MD,90.2,26,2019
Washington,MD,103.5,404,2019
Wicomico,MD,90.4,27,2019
Worcester,MD,96.0,150,2019
Baltimore City,MD,88.6,14,2019
Barnstable,MA,91.6,40,2019
Berkshire,MA,93.7,77,2019
Bristol,MA,93.8,79,2019
Dukes,MA,97.2,200,2019
Essex,MA,93.1,62,2019
Franklin,MA,94.9,112,2019
Hampden,MA,93.4,68,2019
Hampshire,MA,87.8,11,2019
Middlesex,MA,95.8,144,2019
Nantucket,MA,105.0,425,2019
Norfolk,MA,92.6,51,2019
Plymouth,MA,94.5,99,2019
Suffolk,MA,93.5,71,2019
Worcester,MA,97.3,207,2019
Alcona,MI,102.3,384,2019
Alger,MI,124.5,496,2019
Allegan,MI,99.8,315,2019
Alpena,MI,97.3,207,2019
Antrim,MI,99.6,305,2019
Arenac,MI,102.7,390,2019
Baraga,MI,123.7,495,2019
Barry,MI,101.3,359,2019
Bay,MI,96.6,172,2019
Benzie,MI,98.7,267,2019
Berrien,MI,95.8,144,2019
Branch,MI,106.9,442,2019
Calhoun,MI,96.1,154,2019
Cass,MI,100.6,339,2019
Charlevoix,MI,98.2,247,2019
Cheboygan,MI,100.1,324,2019
Chippewa,MI,119.7,490,2019
Clare,MI,98.9,275,2019
Clinton,MI,97.5,216,2019
Crawford,MI,103.5,404,2019
Delta,MI,99.0,281,2019
Dickinson,MI,100.6,339,2019
Eaton,MI,96.0,150,2019
Emmet,MI,97.7,223,2019
Genesee,MI,93.1,62,2019
Gladwin,MI,101.7,370,2019
Gogebic,MI,113.9,474,2019
Grand Traverse,MI,97.4,211,2019
Gratiot,MI,115.5,480,2019
Hillsdale,MI,99.7,309,2019
Houghton,MI,117.6,484,2019
Huron,MI,98.4,254,2019
Ingham,MI,95.0,114,2019
Ionia,MI,114.1,475,2019
Iosco,MI,99.2,290,2019
Iron,MI,98.8,269,2019
Isabella,MI,94.5,99,2019
Jackson,MI,104.3,416,2019
Kalamazoo,MI,95.8,144,2019
Kalkaska,MI,103.5,404,2019
Kent,MI,97.1,195,2019
Keweenaw,MI,106.6,440,2019
Lake,MI,104.4,417,2019
Lapeer,MI,103.8,409,2019
Leelanau,MI,98.2,247,2019
Lenawee,MI,102.1,379,2019
Livingston,MI,100.6,339,2019
Luce,MI,145.5,505,2019
Mackinac,MI,103.9,410,2019
Macomb,MI,94.9,112,2019
Manistee,MI,107.9,449,2019
Marquette,MI,101.6,368,2019
Mason,MI,98.0,237,2019
Mecosta,MI,101.7,370,2019
Menominee,MI,102.9,393,2019
Midland,MI,96.9,184,2019
Missaukee,MI,103.6,406,2019
Monroe,MI,97.4,211,2019
Montcalm,MI,105.8,435,2019
Montmorency,MI,101.8,372,2019
Muskegon,MI,98.9,275,2019
Newaygo,MI,100.8,344,2019
Oakland,MI,95.7,139,2019
Oceana,MI,102.7,390,2019
Ogemaw,MI,101.5,365,2019
Ontonagon,MI,105.1,427,2019
Osceola,MI,102.8,392,2019
Oscoda,MI,103.7,407,2019
Otsego,MI,98.5,260,2019
Ottawa,MI,97.7,223,2019
Presque Isle,MI,99.1,284,2019
Roscommon,MI,99.3,293,2019
Saginaw,MI,94.4,97,2019
St. Clair,MI,98.9,275,2019
St. Joseph,MI,99.6,305,2019
Sanilac,MI,98.7,267,2019
Schoolcraft,MI,95.4,128,2019
Shiawassee,MI,97.7,223,2019
Tuscola,MI,101.2,356,2019
Van Buren,MI,99.0,281,2019
Washtenaw,MI,98.3,251,2019
Wayne,MI,92.9,56,2019
Wexford,MI,99.7,309,2019
Aitkin,MN,103.3,400,2019
Anoka,MN,100.2,326,2019
Becker,MN,99.1,284,2019
Beltrami,MN,99.4,297,2019
Benton,MN,100.7,341,2019
Big Stone,MN,99.2,290,2019
Blue Earth,MN,100.4,332,2019
Brown,MN,100.5,336,2019
Carlton,MN,109.6,459,2019
Carver,MN,98.6,263,2019
Cass,MN,104.7,421,2019
Chippewa,MN,97.9,232,2019
Chisago,MN,108.5,453,2019
Clay,MN,97.6,219,2019
Clearwater,MN,104.8,422,2019
Cook,MN,98.0,237,2019
Cottonwood,MN,100.0,321,2019
Crow Wing,MN,99.1,284,2019
Dakota,MN,97.3,207,2019
Dodge,MN,101.1,352,2019
Douglas,MN,100.1,324,2019
Faribault,MN,100.6,339,2019
Fillmore,MN,101.3,359,2019
Freeborn,MN,99.0,281,2019
Goodhue,MN,98.7,267,2019
Grant,MN,102.3,384,2019
Hennepin,MN,97.8,227,2019
Houston,MN,100.9,347,2019
Hubbard,MN,102.3,384,2019
Isanti,MN,102.7,390,2019
Itasca,MN,102.6,388,2019
Jackson,MN,104.6,420,2019
Kanabec,MN,102.3,384,2019
Kandiyohi,MN,101.4,362,2019
Kittson,MN,101.3,359,2019
Koochiching,MN,99.4,297,2019
Lac qui Parle,MN,100.5,336,2019
Lake,MN,105.6,433,2019
Lake of the Woods,MN,114.0,475,2019
Le Sueur,MN,100.5,336,2019
Lincoln,MN,101.5,365,2019
Lyon,MN,99.2,290,2019
McLeod,MN,100.4,332,2019
Mahnomen,MN,102.8,392,2019
Marshall,MN,102.1,379,2019
Martin,MN,100.5,336,2019
Meeker,MN,104.4,417,2019
Mille Lacs,MN,101.1,352,2019
Morrison,MN,101.8,372,2019
Mower,MN,101.6,368,2019
Murray,MN,100.0,321,2019
Nicollet,MN,100.5,336,2019
Nobles,MN,107.4,446,2019
Norman,MN,103.8,409,2019
Olmsted,MN,95.6,137,2019
Otter Tail,MN,101.6,368,2019
Pennington,MN,99.0,281,2019
Pine,MN,114.5,477,2019
Pipestone,MN,95.3,123,2019
Polk,MN,103.6,406,2019
Pope,MN,102.3,384,2019
Ramsey,MN,95.1,117,2019
Red Lake,MN,103.4,402,2019
Redwood,MN,102.0,376,2019
Renville,MN,103.6,406,2019
Rice,MN,104.1,413,2019
Rock,MN,95.8,144,2019
Roseau,MN,106.2,437,2019
St. Louis,MN,100.5,336,2019
Scott,MN,99.3,293,2019
Sherburne,MN,104.4,417,2019
Sibley,MN,103.7,407,2019
Stearns,MN,101.2,356,2019
Steele,MN,98.5,260,2019
Stevens,MN,100.6,339,2019
Swift,MN,100.3,330,2019
Todd,MN,105.8,435,2019
Traverse,MN,98.6,263,2019
Wabasha,MN,101.5,365,2019
Wadena,MN,97.5,216,2019
Waseca,MN,92.5,50,2019
Washington,MN,97.9,232,2019
Watonwan,MN,100.9,347,2019
Wilkin,MN,106.5,439,2019
Winona,MN,98.2,247,2019
Wright,MN,102.2,381,2019
Yellow Medicine,MN,103.2,398,2019
Adams,MS,106.6,440,2019
Alcorn,MS,96.5,168,2019
Amite,MS,94.0,85,2019
Attala,MS,89.7,20,2019
Benton,MS,96.7,176,2019
Bolivar,MS,89.2,17,2019
Calhoun,MS,91.2,34,2019
Carroll,MS,101.9,374,2019
Chickasaw,MS,93.1,62,2019
Choctaw,MS,100.9,347,2019
Claiborne,MS,88.3,13,2019
Clarke,MS,87.8,11,2019
Clay,MS,87.1,8,2019
Coahoma,MS,85.9,5,2019
Copiah,MS,91.3,35,2019
Covington,MS,95.1,117,2019
DeSoto,MS,93.1,62,2019
Forrest,MS,90.4,27,2019
Franklin,MS,91.6,40,2019
George,MS,101.3,359,2019
Greene,MS,148.6,506,2019
Grenada,MS,91.0,32,2019
Hancock,MS,95.8,144,2019
Harrison,MS,96.4,165,2019
Hinds,MS,87.4,9,2019
Holmes,MS,91.7,41,2019
Humphreys,MS,91.6,40,2019
Issaquena,MS,161.7,508,2019
Itawamba,MS,101.8,372,2019
Jackson,MS,97.5,216,2019
Jasper,MS,94.9,112,2019
Jefferson,MS,95.7,139,2019
Jefferson Davis,MS,91.6,40,2019
Jones,MS,95.5,133,2019
Kemper,MS,103.6,406,2019
Lafayette,MS,93.0,59,2019
Lamar,MS,91.3,35,2019
Lauderdale,MS,94.8,108,2019
Lawrence,MS,95.5,133,2019
Leake,MS,106.3,438,2019
Lee,MS,91.2,34,2019
Leflore,MS,87.3,9,2019
Lincoln,MS,90.2,26,2019
Lowndes,MS,90.8,30,2019
Madison,MS,91.5,38,2019
Marion,MS,93.9,82,2019
Marshall,MS,97.3,207,2019
Monroe,MS,91.1,33,2019
Montgomery,MS,87.1,8,2019
Neshoba,MS,91.2,34,2019
Newton,MS,88.7,14,2019
Noxubee,MS,87.5,10,2019
Oktibbeha,MS,99.8,315,2019
Panola,MS,93.1,62,2019
Pearl River,MS,97.9,232,2019
Perry,MS,94.9,112,2019
Pike,MS,90.1,24,2019
Pontotoc,MS,93.7,77,2019
Prentiss,MS,92.7,53,2019
Quitman,MS,87.9,12,2019
Rankin,MS,93.1,62,2019
Scott,MS,98.4,254,2019
Sharkey,MS,86.0,6,2019
Simpson,MS,93.6,74,2019
Smith,MS,95.6,137,2019
Stone,MS,101.3,359,2019
Sunflower,MS,112.7,471,2019
Tallahatchie,MS,124.5,496,2019
Tate,MS,92.9,56,2019
Tippah,MS,93.5,71,2019
Tishomingo,MS,96.4,165,2019
Tunica,MS,87.4,9,2019
Union,MS,96.7,176,2019
Walthall,MS,99.3,293,2019
Warren,MS,91.3,35,2019
Washington,MS,87.6,10,2019
Wayne,MS,97.8,227,2019
Webster,MS,94.8,108,2019
Wilkinson,MS,121.6,492,2019
Winston,MS,94.4,97,2019
Yalobusha,MS,93.7,77,2019
Yazoo,MS,139.5,502,2019
Adair,MO,94.4,97,2019
Andrew,MO,99.7,309,2019
Atchison,MO,98.7,267,2019
Audrain,MO,85.6,5,2019
Barry,MO,99.6,305,2019
Barton,MO,97.3,207,2019
Bates,MO,96.3,162,2019
Benton,MO,99.1,284,2019
Bollinger,MO,98.6,263,2019
Boone,MO,94.5,99,2019
Buchanan,MO,101.8,372,2019
Butler,MO,95.8,144,2019
Caldwell,MO,102.9,393,2019
Callaway,MO,104.0,412,2019
Camden,MO,97.3,207,2019
Cape Girardeau,MO,93.7,77,2019
Carroll,MO,97.5,216,2019
Carter,MO,97.3,207,2019
Cass,MO,95.5,133,2019
Cedar,MO,100.6,339,2019
Chariton,MO,99.0,281,2019
Christian,MO,95.7,139,2019
Clark,MO,102.7,390,2019
Clay,MO,96.3,162,2019
Clinton,MO,98.0,237,2019
Cole,MO,101.6,368,2019
Cooper,MO,110.7,464,2019
Crawford,MO,97.4,211,2019
Dade,MO,103.1,397,2019
Dallas,MO,95.3,123,2019
Daviess,MO,101.1,352,2019
DeKalb,MO,168.2,509,2019
Dent,MO,100.0,321,2019
Douglas,MO,99.8,315,2019
Dunklin,MO,91.8,42,2019
Franklin,MO,99.5,301,2019
Gasconade,MO,100.9,347,2019
Gentry,MO,93.6,74,2019
Greene,MO,94.7,105,2019
Grundy,MO,96.3,162,2019
Harrison,MO,98.6,263,2019
Henry,MO,97.1,195,2019
Hickory,MO,96.7,176,2019
Holt,MO,97.4,211,2019
Howard,MO,102.7,390,2019
Howell,MO,95.3,123,2019
Iron,MO,97.0,190,2019
Jackson,MO,93.6,74,2019
Jasper,MO,95.4,128,2019
Jefferson,MO,98.6,263,2019
Johnson,MO,105.1,427,2019
Knox,MO,100.4,332,2019
Laclede,MO,96.3,162,2019
Lafayette,MO,99.7,309,2019
Lawrence,MO,98.1,242,2019
Lewis,MO,102.7,390,2019
Lincoln,MO,98.7,267,2019
Linn,MO,94.5,99,2019
Livingston,MO,80.4,0,2019
McDonald,MO,104.8,422,2019
Macon,MO,100.9,347,2019
Madison,MO,95.5,133,2019
Maries,MO,102.1,379,2019
Marion,MO,93.9,82,2019
Mercer,MO,99.5,301,2019
Miller,MO,97.9,232,2019
Mississippi,MO,120.8,491,2019
Moniteau,MO,113.1,472,2019
Monroe,MO,102.9,393,2019
Montgomery,MO,99.3,293,2019
Morgan,MO,96.6,172,2019
New Madrid,MO,91.5,38,2019
Newton,MO,98.1,242,2019
Nodaway,MO,98.6,263,2019
Oregon,MO,97.9,232,2019
Osage,MO,106.9,442,2019
Ozark,MO,95.1,117,2019
Pemiscot,MO,88.4,13,2019
Perry,MO,98.0,237,2019
Pettis,MO,98.9,275,2019
Phelps,MO,110.0,461,2019
Pike,MO,121.3,492,2019
Platte,MO,97.6,219,2019
Polk,MO,95.8,144,2019
Pulaski,MO,133.0,501,2019
Putnam,MO,101.1,352,2019
Ralls,MO,103.1,397,2019
Randolph,MO,109.2,457,2019
Ray,MO,97.2,200,2019
Reynolds,MO,109.7,460,2019
Ripley,MO,99.0,281,2019
St. Charles,MO,96.6,172,2019
St. Clair,MO,98.7,267,2019
Ste. Genevieve,MO,102.9,393,2019
St. Francois,MO,116.3,482,2019
St. Louis,MO,93.8,79,2019
Saline,MO,101.4,362,2019
Schuyler,MO,96.5,168,2019
Scotland,MO,98.0,237,2019
Scott,MO,93.7,77,2019
Shannon,MO,95.6,137,2019
Shelby,MO,101.2,356,2019
Stoddard,MO,94.5,99,2019
Stone,MO,95.3,123,2019
Sullivan,MO,96.8,179,2019
Taney,MO,93.5,71,2019
Texas,MO,109.2,457,2019
Vernon,MO,95.6,137,2019
Warren,MO,99.0,281,2019
Washington,MO,105.8,435,2019
Wayne,MO,95.4,128,2019
Webster,MO,104.8,422,2019
Worth,MO,92.9,56,2019
Wright,MO,95.9,147,2019
Beaverhead,MT,98.9,275,2019
Big Horn,MT,99.6,305,2019
Blaine,MT,99.4,297,2019
Broadwater,MT,104.3,416,2019
Carbon,MT,102.8,392,2019
Carter,MT,105.4,431,2019
Cascade,MT,102.1,379,2019
Chouteau,MT,96.8,179,2019
Custer,MT,99.5,301,2019
Daniels,MT,114.9,478,2019
Dawson,MT,111.8,469,2019
Deer Lodge,MT,111.3,467,2019
Fallon,MT,100.9,347,2019
Fergus,MT,104.8,422,2019
Flathead,MT,99.8,315,2019
Gallatin,MT,108.0,450,2019
Garfield,MT,114.0,475,2019
Glacier,MT,97.2,200,2019
Golden Valley,MT,103.4,402,2019
Granite,MT,106.6,440,2019
Hill,MT,102.2,381,2019
Jefferson,MT,102.3,384,2019
Judith Basin,MT,119.6,489,2019
Lake,MT,98.6,263,2019
Lewis and Clark,MT,98.1,242,2019
Liberty,MT,90.2,26,2019
Lincoln,MT,98.8,269,2019
McCone,MT,101.6,368,2019
Madison,MT,107.1,443,2019
Meagher,MT,106.6,440,2019
Mineral,MT,105.0,425,2019
Missoula,MT,100.3,330,2019
Musselshell,MT,99.7,309,2019
Park,MT,99.1,284,2019
Petroleum,MT,107.8,448,2019
Phillips,MT,105.1,427,2019
Pondera,MT,98.5,260,2019
Powder River,MT,101.9,374,2019
Powell,MT,167.7,508,2019
Prairie,MT,105.6,433,2019
Ravalli,MT,98.7,267,2019
Richland,MT,104.0,412,2019
Roosevelt,MT,97.0,190,2019
Rosebud,MT,99.6,305,2019
Sanders,MT,105.4,431,2019
Sheridan,MT,100.6,339,2019
Silver Bow,MT,102.7,390,2019
Stillwater,MT,99.2,290,2019
Sweet Grass,MT,100.5,336,2019
Teton,MT,95.5,133,2019
Toole,MT,125.2,497,2019
Treasure,MT,96.5,168,2019
Valley,MT,98.1,242,2019
Wheatland,MT,93.0,59,2019
Wibaux,MT,87.6,10,2019
Yellowstone,MT,97.1,195,2019
Adams,NE,100.7,341,2019
Antelope,NE,101.0,350,2019
Arthur,NE,90.6,28,2019
Banner,NE,94.1,89,2019
Blaine,NE,103.8,409,2019
Boone,NE,97.9,232,2019
Box Butte,NE,100.7,341,2019
Boyd,NE,98.9,275,2019
Brown,NE,94.1,89,2019
Buffalo,NE,100.0,321,2019
Burt,NE,95.3,123,2019
Butler,NE,99.4,297,2019
Cass,NE,102.0,376,2019
Cedar,NE,103.7,407,2019
Chase,NE,94.0,85,2019
Cherry,NE,103.6,406,2019
Cheyenne,NE,98.2,247,2019
Clay,NE,103.8,409,2019
Colfax,NE,124.2,495,2019
Cuming,NE,100.5,336,2019
Custer,NE,98.7,267,2019
Dakota,NE,100.8,344,2019
Dawes,NE,93.9,82,2019
Dawson,NE,107.2,444,2019
Deuel,NE,91.5,38,2019
Dixon,NE,103.5,404,2019
Dodge,NE,96.7,176,2019
Douglas,NE,97.3,207,2019
Dundy,NE,104.4,417,2019
Fillmore,NE,98.2,247,2019
Franklin,NE,97.3,207,2019
Frontier,NE,104.5,419,2019
Furnas,NE,97.8,227,2019
Gage,NE,101.1,352,2019
Garden,NE,102.2,381,2019
Garfield,NE,100.9,347,2019
Gosper,NE,106.7,440,2019
Grant,NE,115.5,480,2019
Greeley,NE,96.9,184,2019
Hall,NE,101.7,370,2019
Hamilton,NE,98.6,263,2019
Harlan,NE,103.0,395,2019
Hayes,NE,108.2,451,2019
Hitchcock,NE,98.9,275,2019
Holt,NE,101.6,368,2019
Hooker,NE,87.8,11,2019
Howard,NE,103.1,397,2019
Jefferson,NE,94.6,102,2019
Johnson,NE,146.9,505,2019
Kearney,NE,98.3,251,2019
Keith,NE,104.9,423,2019
Keya Paha,NE,92.9,56,2019
Kimball,NE,99.9,317,2019
Knox,NE,98.3,251,2019
Lancaster,NE,100.8,344,2019
Lincoln,NE,96.3,162,2019
Logan,NE,118.6,487,2019
Loup,NE,107.2,444,2019
McPherson,NE,106.8,441,2019
Madison,NE,98.9,275,2019
Merrick,NE,100.9,347,2019
Morrill,NE,103.0,395,2019
Nance,NE,100.8,344,2019
Nemaha,NE,100.0,321,2019
Nuckolls,NE,99.2,290,2019
Otoe,NE,96.1,154,2019
Pawnee,NE,91.0,32,2019
Perkins,NE,107.1,443,2019
Phelps,NE,100.5,336,2019
Pierce,NE,99.1,284,2019
Platte,NE,105.1,427,2019
Polk,NE,95.0,114,2019
Red Willow,NE,98.6,263,2019
Richardson,NE,99.6,305,2019
Rock,NE,108.6,453,2019
Saline,NE,103.7,407,2019
Sarpy,NE,100.2,326,2019
Saunders,NE,102.1,379,2019
Scotts Bluff,NE,93.7,77,2019
Seward,NE,103.8,409,2019
Sheridan,NE,94.0,85,2019
Sherman,NE,101.9,374,2019
Sioux,NE,92.9,56,2019
Stanton,NE,100.4,332,2019
Thayer,NE,101.1,352,2019
Thomas,NE,81.2,1,2019
Thurston,NE,98.6,263,2019
Valley,NE,94.9,112,2019
Washington,NE,97.6,219,2019
Wayne,NE,103.3,400,2019
Webster,NE,102.1,379,2019
Wheeler,NE,111.6,468,2019
York,NE,95.3,123,2019
Churchill,NV,102.6,388,2019
Clark,NV,99.7,309,2019
Douglas,NV,100.9,347,2019
Elko,NV,108.5,453,2019
Esmeralda,NV,78.1,0,2019
Eureka,NV,102.1,379,2019
Humboldt,NV,106.5,439,2019
Lander,NV,121.1,491,2019
Lincoln,NV,116.7,482,2019
Lyon,NV,101.9,374,2019
Mineral,NV,98.8,269,2019
Nye,NV,103.2,398,2019
Pershing,NV,178.9,510,2019
Storey,NV,112.1,470,2019
Washoe,NV,101.4,362,2019
White Pine,NV,142.5,504,2019
Carson,NV,105.6,433,2019
Belknap,NH,97.1,195,2019
Carroll,NH,98.5,260,2019
Cheshire,NH,95.5,133,2019
Coos,NH,111.4,468,2019
Grafton,NH,97.0,190,2019
Hillsborough,NH,98.9,275,2019
Merrimack,NH,97.1,195,2019
Rockingham,NH,98.3,251,2019
Strafford,NH,95.9,147,2019
Sullivan,NH,98.9,275,2019
Atlantic,NJ,93.8,79,2019
Bergen,NJ,94.1,89,2019
Burlington,NJ,96.8,179,2019
Camden,NJ,93.3,67,2019
Cape May,NJ,95.6,137,2019
Cumberland,NJ,104.7,421,2019
Essex,NJ,92.6,51,2019
Gloucester,NJ,94.4,97,2019
Hudson,NJ,98.9,275,2019
Hunterdon,NJ,99.0,281,2019
Mercer,NJ,95.6,137,2019
Middlesex,NJ,97.2,200,2019
Monmouth,NJ,94.6,102,2019
Morris,NJ,96.4,165,2019
Ocean,NJ,93.2,64,2019
Passaic,NJ,95.0,114,2019
Salem,NJ,95.8,144,2019
Somerset,NJ,95.6,137,2019
Sussex,NJ,99.1,284,2019
Union,NJ,95.1,117,2019
Warren,NJ,95.9,147,2019
Bernalillo,NM,96.1,154,2019
Catron,NM,122.9,494,2019
Chaves,NM,99.8,315,2019
Cibola,NM,102.5,386,2019
Colfax,NM,105.8,435,2019
Curry,NM,109.2,457,2019
De Baca,NM,104.6,420,2019
Dona Ana,NM,96.4,165,2019
Eddy,NM,101.9,374,2019
Grant,NM,97.4,211,2019
Guadalupe,NM,142.2,504,2019
Harding,NM,121.6,492,2019
Hidalgo,NM,98.3,251,2019
Lea,NM,106.6,440,2019
Lincoln,NM,96.4,165,2019
Los Alamos,NM,103.3,400,2019
Luna,NM,99.7,309,2019
McKinley,NM,93.4,68,2019
Mora,NM,94.3,94,2019
Otero,NM,107.2,444,2019
Quay,NM,91.4,36,2019
Rio Arriba,NM,92.5,50,2019
Roosevelt,NM,99.1,284,2019
Sandoval,NM,96.1,154,2019
San Juan,NM,98.2,247,2019
San Miguel,NM,99.4,297,2019
Santa Fe,NM,94.1,89,2019
Sierra,NM,98.1,242,2019
Socorro,NM,109.6,459,2019
Taos,NM,96.9,184,2019
Torrance,NM,113.5,473,2019
Union,NM,116.2,481,2019
Valencia,NM,101.2,356,2019
Albany,NY,93.9,82,2019
Allegany,NY,102.9,393,2019
Bronx,NY,89.2,17,2019
Broome,NY,96.9,184,2019
Cattaraugus,NY,98.8,269,2019
Cayuga,NY,105.5,432,2019
Chautauqua,NY,97.3,207,2019
Chemung,NY,98.2,247,2019
Chenango,NY,100.4,332,2019
Clinton,NY,104.9,423,2019
Columbia,NY,100.0,321,2019
Cortland,NY,96.0,150,2019
Delaware,NY,101.8,372,2019
Dutchess,NY,98.9,275,2019
Erie,NY,93.7,77,2019
Essex,NY,108.6,453,2019
Franklin,NY,119.5,489,2019
Fulton,NY,99.8,315,2019
Genesee,NY,100.3,330,2019
Greene,NY,109.6,459,2019
Hamilton,NY,100.6,339,2019
Herkimer,NY,98.0,237,2019
Jefferson,NY,110.6,463,2019
Kings,NY,90.0,22,2019
Lewis,NY,100.3,330,2019
Livingston,NY,101.3,359,2019
Madison,NY,97.6,219,2019
Monroe,NY,93.3,67,2019
Montgomery,NY,96.8,179,2019
Nassau,NY,94.8,108,2019
New York,NY,89.9,21,2019
Niagara,NY,95.1,117,2019
Oneida,NY,99.5,301,2019
Onondaga,NY,93.2,64,2019
Ontario,NY,95.9,147,2019
Orange,NY,100.4,332,2019
Orleans,NY,99.9,317,2019
Oswego,NY,100.3,330,2019
Otsego,NY,93.2,64,2019
Putnam,NY,99.3,293,2019
Queens,NY,94.2,92,2019
Rensselaer,NY,98.1,242,2019
Richmond,NY,94.0,85,2019
Rockland,NY,96.3,162,2019
St. Lawrence,NY,103.4,402,2019
Saratoga,NY,97.8,227,2019
Schenectady,NY,95.1,117,2019
Schoharie,NY,98.6,263,2019
Schuyler,NY,100.1,324,2019
Seneca,NY,109.3,458,2019
Steuben,NY,99.7,309,2019
Suffolk,NY,97.0,190,2019
Sullivan,NY,105.1,427,2019
Tioga,NY,98.4,254,2019
Tompkins,NY,97.5,216,2019
Ulster,NY,98.1,242,2019
Warren,NY,97.0,190,2019
Washington,NY,107.4,446,2019
Wayne,NY,98.4,254,2019
Westchester,NY,93.9,82,2019
Wyoming,NY,114.8,478,2019
Yates,NY,91.5,38,2019
Alamance,NC,90.4,27,2019
Alexander,NC,103.7,407,2019
Alleghany,NC,96.4,165,2019
Anson,NC,110.2,462,2019
Ashe,NC,96.7,176,2019
Avery,NC,121.9,493,2019
Beaufort,NC,91.4,36,2019
Bertie,NC,100.0,321,2019
Bladen,NC,92.2,45,2019
Brunswick,NC,92.7,53,2019
Buncombe,NC,92.2,45,2019
Burke,NC,99.2,290,2019
Cabarrus,NC,95.1,117,2019
Caldwell,NC,97.5,216,2019
Camden,NC,112.6,471,2019
Carteret,NC,96.2,158,2019
Caswell,NC,100.9,347,2019
Catawba,NC,95.8,144,2019
Chatham,NC,91.1,33,2019
Cherokee,NC,96.2,158,2019
Chowan,NC,87.4,9,2019
Clay,NC,90.9,31,2019
Cleveland,NC,93.5,71,2019
Columbus,NC,98.7,267,2019
Craven,NC,102.1,379,2019
Cumberland,NC,99.0,281,2019
Currituck,NC,98.8,269,2019
Dare,NC,100.0,321,2019
Davidson,NC,95.5,133,2019
Davie,NC,94.1,89,2019
Duplin,NC,94.9,112,2019
Durham,NC,91.5,38,2019
Edgecombe,NC,86.5,6,2019
Forsyth,NC,90.2,26,2019
Franklin,NC,98.6,263,2019
Gaston,NC,93.2,64,2019
Gates,NC,95.5,133,2019
Graham,NC,94.6,102,2019
Granville,NC,104.0,412,2019
Greene,NC,124.7,497,2019
Guilford,NC,90.0,22,2019
Halifax,NC,93.7,77,2019
Harnett,NC,98.3,251,2019
Haywood,NC,93.4,68,2019
Henderson,NC,92.6,51,2019
Hertford,NC,98.3,251,2019
Hoke,NC,98.6,263,2019
Hyde,NC,111.2,466,2019
Iredell,NC,97.0,190,2019
Jackson,NC,95.6,137,2019
Johnston,NC,96.8,179,2019
Jones,NC,98.1,242,2019
Lee,NC,94.0,85,2019
Lenoir,NC,92.2,45,2019
Lincoln,NC,99.0,281,2019
McDowell,NC,101.2,356,2019
Macon,NC,94.0,85,2019
Madison,NC,95.9,147,2019
Martin,NC,89.3,17,2019
Mecklenburg,NC,92.6,51,2019
Mitchell,NC,99.3,293,2019
Montgomery,NC,96.0,150,2019
Moore,NC,93.0,59,2019
Nash,NC,92.1,44,2019
New Hanover,NC,91.3,35,2019
Northampton,NC,94.7,105,2019
Onslow,NC,124.0,495,2019
Orange,NC,91.5,38,2019
Pamlico,NC,103.6,406,2019
Pasquotank,NC,95.2,119,2019
Pender,NC,98.5,260,2019
Perquimans,NC,94.7,105,2019
Person,NC,94.2,92,2019
Pitt,NC,88.9,16,2019
Polk,NC,89.7,20,2019
Randolph,NC,97.2,200,2019
Richmond,NC,96.1,154,2019
Robeson,NC,93.3,67,2019
Rockingham,NC,92.6,51,2019
Rowan,NC,98.1,242,2019
Rutherford,NC,94.5,99,2019
Sampson,NC,96.5,168,2019
Scotland,NC,97.2,200,2019
Stanly,NC,99.4,297,2019
Stokes,NC,94.6,102,2019
Surry,NC,94.2,92,2019
Swain,NC,95.5,133,2019
Transylvania,NC,92.7,53,2019
Tyrrell,NC,135.5,502,2019
Union,NC,97.1,195,2019
Vance,NC,87.5,10,2019
Wake,NC,94.6,102,2019
Warren,NC,98.7,267,2019
Washington,NC,88.3,13,2019
Watauga,NC,98.9,275,2019
Wayne,NC,95.4,128,2019
Wilkes,NC,97.1,195,2019
Wilson,NC,89.8,21,2019
Yadkin,NC,98.1,242,2019
Yancey,NC,96.0,150,2019
Adams,ND,91.8,42,2019
Barnes,ND,99.0,281,2019
Benson,ND,105.1,427,2019
Billings,ND,127.1,498,2019
Bottineau,ND,109.1,456,2019
Bowman,ND,98.4,254,2019
Burke,ND,119.3,488,2019
Burleigh,ND,100.6,339,2019
Cass,ND,102.7,390,2019
Cavalier,ND,105.0,425,2019
Dickey,ND,100.3,330,2019
Divide,ND,90.8,30,2019
Dunn,ND,109.9,460,2019
Eddy,ND,93.2,64,2019
Emmons,ND,103.6,406,2019
Foster,ND,96.3,162,2019
Golden Valley,ND,97.1,195,2019
Grand Forks,ND,107.6,447,2019
Grant,ND,104.8,422,2019
Griggs,ND,102.4,385,2019
Hettinger,ND,89.9,21,2019
Kidder,ND,115.2,479,2019
LaMoure,ND,107.0,442,2019
Logan,ND,108.5,453,2019
McHenry,ND,104.5,419,2019
McIntosh,ND,101.9,374,2019
McKenzie,ND,119.7,490,2019
McLean,ND,107.4,446,2019
Mercer,ND,104.6,420,2019
Morton,ND,101.7,370,2019
Mountrail,ND,116.7,482,2019
Nelson,ND,102.5,386,2019
Oliver,ND,105.1,427,2019
Pembina,ND,109.5,459,2019
Pierce,ND,98.1,242,2019
Ramsey,ND,104.1,413,2019
Ransom,ND,98.2,247,2019
Renville,ND,102.8,392,2019
Richland,ND,109.8,460,2019
Rolette,ND,98.2,247,2019
Sargent,ND,113.6,473,2019
Sheridan,ND,103.9,410,2019
Sioux,ND,99.4,297,2019
Slope,ND,95.3,123,2019
Stark,ND,105.1,427,2019
Steele,ND,111.1,466,2019
Stutsman,ND,104.5,419,2019
Towner,ND,118.3,486,2019
Traill,ND,104.1,413,2019
Walsh,ND,105.2,429,2019
Ward,ND,107.9,449,2019
Wells,ND,99.2,290,2019
Williams,ND,120.6,490,2019
Adams,OH,99.1,284,2019
Allen,OH,101.8,372,2019
Ashland,OH,95.4,128,2019
Ashtabula,OH,101.2,356,2019
Athens,OH,99.2,290,2019
Auglaize,OH,98.5,260,2019
Belmont,OH,105.3,429,2019
Brown,OH,99.0,281,2019
Butler,OH,96.1,154,2019
Carroll,OH,101.1,352,2019
Champaign,OH,99.4,297,2019
Clark,OH,93.9,82,2019
Clermont,OH,96.9,184,2019
Clinton,OH,97.8,227,2019
Columbiana,OH,102.0,376,2019
Coshocton,OH,98.1,242,2019
Crawford,OH,96.7,176,2019
Cuyahoga,OH,91.1,33,2019
Darke,OH,97.7,223,2019
Defiance,OH,99.5,301,2019
Delaware,OH,98.3,251,2019
Erie,OH,96.2,158,2019
Fairfield,OH,99.2,290,2019
Fayette,OH,95.4,128,2019
Franklin,OH,95.3,123,2019
Fulton,OH,97.8,227,2019
Gallia,OH,97.1,195,2019
Geauga,OH,98.0,237,2019
Greene,OH,97.0,190,2019
Guernsey,OH,99.8,315,2019
Hamilton,OH,93.3,67,2019
Hancock,OH,97.8,227,2019
Hardin,OH,98.2,247,2019
Harrison,OH,97.0,190,2019
Henry,OH,96.9,184,2019
Highland,OH,95.8,144,2019
Hocking,OH,96.1,154,2019
Holmes,OH,99.6,305,2019
Huron,OH,97.8,227,2019
Jackson,OH,94.0,85,2019
Jefferson,OH,94.7,105,2019
Knox,OH,94.5,99,2019
Lake,OH,95.6,137,2019
Lawrence,OH,95.4,128,2019
Licking,OH,96.1,154,2019
Logan,OH,97.7,223,2019
Lorain,OH,97.0,190,2019
Lucas,OH,94.0,85,2019
Madison,OH,118.7,487,2019
Mahoning,OH,95.4,128,2019
Marion,OH,113.0,472,2019
Medina,OH,98.5,260,2019
Meigs,OH,100.2,326,2019
Mercer,OH,102.3,384,2019
Miami,OH,97.8,227,2019
Monroe,OH,98.9,275,2019
Montgomery,OH,92.8,54,2019
Morgan,OH,100.0,321,2019
Morrow,OH,100.6,339,2019
Muskingum,OH,93.9,82,2019
Noble,OH,149.2,506,2019
Ottawa,OH,98.5,260,2019
Paulding,OH,100.2,326,2019
Perry,OH,99.9,317,2019
Pickaway,OH,111.0,466,2019
Pike,OH,97.4,211,2019
Portage,OH,96.4,165,2019
Preble,OH,98.5,260,2019
Putnam,OH,99.9,317,2019
Richland,OH,103.1,397,2019
Ross,OH,110.1,461,2019
Sandusky,OH,98.6,263,2019
Scioto,OH,96.4,165,2019
Seneca,OH,99.6,305,2019
Shelby,OH,101.8,372,2019
Stark,OH,94.6,102,2019
Summit,OH,94.2,92,2019
Trumbull,OH,95.1,117,2019
Tuscarawas,OH,97.0,190,2019
Union,OH,93.0,59,2019
Van Wert,OH,97.3,207,2019
Vinton,OH,101.7,370,2019
Warren,OH,101.6,368,2019
Washington,OH,97.8,227,2019
Wayne,OH,98.9,275,2019
Williams,OH,98.5,260,2019
Wood,OH,97.4,211,2019
Wyandot,OH,97.0,190,2019
Adair,OK,99.0,281,2019
Alfalfa,OK,152.5,507,2019
Atoka,OK,111.6,468,2019
Beaver,OK,101.1,352,2019
Beckham,OK,119.3,488,2019
Blaine,OK,114.0,475,2019
Bryan,OK,94.4,97,2019
Caddo,OK,110.7,464,2019
Canadian,OK,98.7,267,2019
Carter,OK,95.8,144,2019
Cherokee,OK,96.0,150,2019
Choctaw,OK,92.0,43,2019
Cimarron,OK,96.0,150,2019
Cleveland,OK,99.7,309,2019
Coal,OK,101.6,368,2019
Comanche,OK,107.6,447,2019
Cotton,OK,102.3,384,2019
Craig,OK,104.5,419,2019
Creek,OK,97.7,223,2019
Custer,OK,96.2,158,2019
Delaware,OK,97.1,195,2019
Dewey,OK,97.9,232,2019
Ellis,OK,92.6,51,2019
Garfield,OK,99.9,317,2019
Garvin,OK,98.3,251,2019
Grady,OK,100.7,341,2019
Grant,OK,101.2,356,2019
Greer,OK,141.2,503,2019
Harmon,OK,96.0,150,2019
Harper,OK,97.5,216,2019
Haskell,OK,98.2,247,2019
Hughes,OK,113.9,474,2019
Jackson,OK,100.4,332,2019
Jefferson,OK,101.5,365,2019
Johnston,OK,97.1,195,2019
Kay,OK,98.9,275,2019
Kingfisher,OK,100.5,336,2019
Kiowa,OK,99.9,317,2019
Latimer,OK,103.4,402,2019
Le Flore,OK,100.5,336,2019
Lincoln,OK,99.2,290,2019
Logan,OK,98.2,247,2019
Love,OK,99.7,309,2019
McClain,OK,98.4,254,2019
McCurtain,OK,97.8,227,2019
McIntosh,OK,97.7,223,2019
Major,OK,97.8,227,2019
Marshall,OK,98.1,242,2019
Mayes,OK,99.4,297,2019
Murray,OK,101.4,362,2019
Muskogee,OK,95.2,119,2019
Noble,OK,97.7,223,2019
Nowata,OK,97.3,207,2019
Okfuskee,OK,116.3,482,2019
Oklahoma,OK,95.9,147,2019
Okmulgee,OK,97.8,227,2019
Osage,OK,100.4,332,2019
Ottawa,OK,96.6,172,2019
Pawnee,OK,100.5,336,2019
Payne,OK,105.4,431,2019
Pittsburg,OK,103.3,400,2019
Pontotoc,OK,96.5,168,2019
Pottawatomie,OK,91.7,41,2019
Pushmataha,OK,95.5,133,2019
Roger Mills,OK,96.4,165,2019
Rogers,OK,99.1,284,2019
Seminole,OK,96.1,154,2019
Sequoyah,OK,97.3,207,2019
Stephens,OK,94.2,92,2019
Texas,OK,114.3,476,2019
Tillman,OK,104.2,414,2019
Tulsa,OK,95.3,123,2019
Wagoner,OK,97.7,223,2019
Washington,OK,94.9,112,2019
Washita,OK,100.3,330,2019
Woods,OK,111.5,468,2019
Woodward,OK,112.1,470,2019
Baker,OR,106.4,438,2019
Benton,OR,101.1,352,2019
Clackamas,OR,97.1,195,2019
Clatsop,OR,99.0,281,2019
Columbia,OR,101.0,350,2019
Coos,OR,97.8,227,2019
Crook,OR,97.3,207,2019
Curry,OR,97.4,211,2019
Deschutes,OR,97.5,216,2019
Douglas,OR,97.5,216,2019
Gilliam,OR,91.4,36,2019
Grant,OR,104.3,416,2019
Harney,OR,105.8,435,2019
Hood River,OR,99.9,317,2019
Jackson,OR,95.4,128,2019
Jefferson,OR,107.4,446,2019
Josephine,OR,96.2,158,2019
Klamath,OR,99.7,309,2019
Lake,OR,115.1,479,2019
Lane,OR,97.0,190,2019
Lincoln,OR,93.0,59,2019
Linn,OR,97.2,200,2019
Malheur,OR,119.4,489,2019
Marion,OR,99.4,297,2019
Morrow,OR,102.5,386,2019
Multnomah,OR,98.1,242,2019
Polk,OR,95.5,133,2019
Sherman,OR,116.1,481,2019
Tillamook,OR,100.6,339,2019
Umatilla,OR,108.6,453,2019
Union,OR,98.7,267,2019
Wallowa,OR,96.7,176,2019
Wasco,OR,100.9,347,2019
Washington,OR,98.0,237,2019
Wheeler,OR,101.6,368,2019
Yamhill,OR,100.0,321,2019
Adams,PA,97.0,190,2019
Allegheny,PA,93.5,71,2019
Armstrong,PA,99.0,281,2019
Beaver,PA,94.2,92,2019
Bedford,PA,98.4,254,2019
Berks,PA,96.8,179,2019
Blair,PA,95.8,144,2019
Bradford,PA,97.3,207,2019
Bucks,PA,96.4,165,2019
Butler,PA,98.1,242,2019
Cambria,PA,96.9,184,2019
Cameron,PA,97.9,232,2019
Carbon,PA,99.0,281,2019
Centre,PA,111.0,466,2019
Chester,PA,97.1,195,2019
Clarion,PA,95.2,119,2019
Clearfield,PA,110.9,465,2019
Clinton,PA,98.0,237,2019
Columbia,PA,92.4,48,2019
Crawford,PA,94.9,112,2019
Cumberland,PA,98.0,237,2019
Dauphin,PA,94.0,85,2019
Delaware,PA,92.7,53,2019
Elk,PA,102.0,376,2019
Erie,PA,97.6,219,2019
Fayette,PA,97.5,216,2019
Forest,PA,266.6,511,2019
Franklin,PA,96.5,168,2019
Fulton,PA,101.9,374,2019
Greene,PA,108.3,451,2019
Huntingdon,PA,113.4,473,2019
Indiana,PA,100.3,330,2019
Jefferson,PA,99.2,290,2019
Juniata,PA,99.9,317,2019
Lackawanna,PA,94.2,92,2019
Lancaster,PA,96.0,150,2019
Lawrence,PA,93.7,77,2019
Lebanon,PA,96.1,154,2019
Lehigh,PA,95.8,144,2019
Luzerne,PA,97.7,223,2019
Lycoming,PA,96.2,158,2019
McKean,PA,107.2,444,2019
Mercer,PA,97.2,200,2019
Mifflin,PA,95.4,128,2019
Monroe,PA,97.9,232,2019
Montgomery,PA,94.6,102,2019
Montour,PA,91.4,36,2019
Northampton,PA,96.8,179,2019
Northumberland,PA,101.3,359,2019
Perry,PA,102.8,392,2019
Philadelphia,PA,89.9,21,2019
Pike,PA,103.1,397,2019
Potter,PA,99.7,309,2019
Schuylkill,PA,104.6,420,2019
Snyder,PA,99.0,281,2019
Somerset,PA,109.2,457,2019
Sullivan,PA,112.1,470,2019
Susquehanna,PA,101.1,352,2019
Tioga,PA,98.5,260,2019
Union,PA,121.6,492,2019
Venango,PA,97.5,216,2019
Warren,PA,100.2,326,2019
Washington,PA,96.5,168,2019
Wayne,PA,113.1,472,2019
Westmoreland,PA,95.7,139,2019
Wyoming,PA,101.7,370,2019
York,PA,97.6,219,2019
Bristol,RI,93.8,79,2019
Kent,RI,93.8,79,2019
Newport,RI,96.8,179,2019
Providence,RI,94.8,108,2019
Washington,RI,93.1,62,2019
Abbeville,SC,94.1,89,2019
Aiken,SC,93.3,67,2019
Allendale,SC,115.1,479,2019
Anderson,SC,93.2,64,2019
Bamberg,SC,93.6,74,2019
Barnwell,SC,93.9,82,2019
Beaufort,SC,96.7,176,2019
Berkeley,SC,99.0,281,2019
Calhoun,SC,91.4,36,2019
Charleston,SC,93.9,82,2019
Cherokee,SC,93.8,79,2019
Chester,SC,94.6,102,2019
Chesterfield,SC,96.7,176,2019
Clarendon,SC,97.2,200,2019
Colleton,SC,91.4,36,2019
Darlington,SC,89.9,21,2019
Dillon,SC,89.7,20,2019
Dorchester,SC,94.9,112,2019
Edgefield,SC,114.2,476,2019
Fairfield,SC,91.5,38,2019
Florence,SC,87.9,12,2019
Georgetown,SC,89.7,20,2019
Greenville,SC,94.3,94,2019
Greenwood,SC,86.8,7,2019
Hampton,SC,107.9,449,2019
Horry,SC,93.2,64,2019
Jasper,SC,100.7,341,2019
Kershaw,SC,94.1,89,2019
Lancaster,SC,93.1,62,2019
Laurens,SC,94.9,112,2019
Lee,SC,104.3,416,2019
Lexington,SC,94.9,112,2019
McCormick,SC,124.4,496,2019
Marion,SC,85.7,5,2019
Marlboro,SC,108.8,455,2019
Newberry,SC,94.2,92,2019
Oconee,SC,96.8,179,2019
Orangeburg,SC,87.9,12,2019
Pickens,SC,99.1,284,2019
Richland,SC,93.8,79,2019
Saluda,SC,99.8,315,2019
Spartanburg,SC,94.3,94,2019
Sumter,SC,93.0,59,2019
Union,SC,91.0,32,2019
Williamsburg,SC,91.2,34,2019
York,SC,93.2,64,2019
Aurora,SD,112.2,470,2019
Beadle,SD,103.1,397,2019
Bennett,SD,97.0,190,2019
Bon Homme,SD,141.8,503,2019
Brookings,SD,104.7,421,2019
Brown,SD,97.0,190,2019
Brule,SD,98.0,237,2019
Buffalo,SD,99.0,281,2019
Butte,SD,104.0,412,2019
Campbell,SD,118.4,486,2019
Charles Mix,SD,101.3,359,2019
Clark,SD,101.3,359,2019
Clay,SD,95.9,147,2019
Codington,SD,101.8,372,2019
Corson,SD,102.1,379,2019
Custer,SD,94.4,97,2019
Davison,SD,98.1,242,2019
Day,SD,107.6,447,2019
Deuel,SD,108.8,455,2019
Dewey,SD,98.4,254,2019
Douglas,SD,96.1,154,2019
Edmunds,SD,101.5,365,2019
Fall River,SD,101.5,365,2019
Faulk,SD,102.1,379,2019
Grant,SD,110.3,463,2019
Gregory,SD,105.5,432,2019
Haakon,SD,101.4,362,2019
Hamlin,SD,104.1,413,2019
Hand,SD,101.9,374,2019
Hanson,SD,100.3,330,2019
Harding,SD,109.0,456,2019
Hughes,SD,95.7,139,2019
Hutchinson,SD,94.9,112,2019
Hyde,SD,108.0,450,2019
Jackson,SD,98.3,251,2019
Jerauld,SD,98.4,254,2019
Jones,SD,89.3,17,2019
Kingsbury,SD,105.1,427,2019
Lake,SD,110.0,461,2019
Lawrence,SD,98.8,269,2019
Lincoln,SD,98.2,247,2019
Lyman,SD,108.7,454,2019
McCook,SD,100.1,324,2019
McPherson,SD,90.3,27,2019
Marshall,SD,108.8,455,2019
Meade,SD,108.3,451,2019
Mellette,SD,98.8,269,2019
Miner,SD,103.6,406,2019
Minnehaha,SD,101.7,370,2019
Moody,SD,101.1,352,2019
Oglala Lakota,SD,96.1,154,2019
Pennington,SD,101.6,368,2019
Perkins,SD,108.0,450,2019
Potter,SD,102.7,390,2019
Roberts,SD,104.9,423,2019
Sanborn,SD,108.0,450,2019
Spink,SD,99.8,315,2019
Stanley,SD,115.8,480,2019
Sully,SD,105.2,429,2019
Todd,SD,94.6,102,2019
Tripp,SD,102.9,393,2019
Turner,SD,99.9,317,2019
Union,SD,100.9,347,2019
Walworth,SD,98.9,275,2019
Yankton,SD,108.8,455,2019
Ziebach,SD,97.1,195,2019
Anderson,TN,95.5,133,2019
Bedford,TN,97.4,211,2019
Benton,TN,96.8,179,2019
Bledsoe,TN,142.1,504,2019
Blount,TN,94.3,94,2019
Bradley,TN,94.8,108,2019
Campbell,TN,95.4,128,2019
Cannon,TN,97.5,216,2019
Carroll,TN,95.4,128,2019
Carter,TN,95.6,137,2019
Cheatham,TN,99.4,297,2019
Chester,TN,92.8,54,2019
Claiborne,TN,94.4,97,2019
Clay,TN,92.1,44,2019
Cocke,TN,94.3,94,2019
Coffee,TN,96.7,176,2019
Crockett,TN,90.3,27,2019
Cumberland,TN,95.8,144,2019
Davidson,TN,93.0,59,2019
Decatur,TN,96.2,158,2019
DeKalb,TN,98.7,267,2019
Dickson,TN,97.4,211,2019
Dyer,TN,94.1,89,2019
Fayette,TN,97.4,211,2019
Fentress,TN,99.5,301,2019
Franklin,TN,96.2,158,2019
Gibson,TN,92.3,47,2019
Giles,TN,95.6,137,2019
Grainger,TN,100.6,339,2019
Greene,TN,95.7,139,2019
Grundy,TN,97.8,227,2019
Hamblen,TN,96.3,162,2019
Hamilton,TN,93.3,67,2019
Hancock,TN,100.7,341,2019
Hardeman,TN,127.4,498,2019
Hardin,TN,94.9,112,2019
Hawkins,TN,95.5,133,2019
Haywood,TN,87.8,11,2019
Henderson,TN,96.2,158,2019
Henry,TN,92.3,47,2019
Hickman,TN,110.7,464,2019
Houston,TN,103.6,406,2019
Humphreys,TN,94.3,94,2019
Jackson,TN,101.1,352,2019
Jefferson,TN,96.3,162,2019
Johnson,TN,117.6,484,2019
Knox,TN,94.6,102,2019
Lake,TN,168.2,509,2019
Lauderdale,TN,105.5,432,2019
Lawrence,TN,96.0,150,2019
Lewis,TN,93.9,82,2019
Lincoln,TN,96.6,172,2019
Loudon,TN,95.8,144,2019
McMinn,TN,94.9,112,2019
McNairy,TN,94.4,97,2019
Macon,TN,97.0,190,2019
Madison,TN,89.9,21,2019
Marion,TN,94.7,105,2019
Marshall,TN,97.0,190,2019
Maury,TN,93.5,71,2019
Meigs,TN,98.0,237,2019
Monroe,TN,97.0,190,2019
Montgomery,TN,99.7,309,2019
Moore,TN,101.8,372,2019
Morgan,TN,120.7,491,2019
Obion,TN,92.7,53,2019
Overton,TN,96.9,184,2019
Perry,TN,98.0,237,2019
Pickett,TN,101.9,374,2019
Polk,TN,99.0,281,2019
Putnam,TN,97.7,223,2019
Rhea,TN,98.1,242,2019
Roane,TN,96.9,184,2019
Robertson,TN,97.8,227,2019
Rutherford,TN,97.1,195,2019
Scott,TN,97.7,223,2019
Sequatchie,TN,99.5,301,2019
Sevier,TN,96.6,172,2019
Shelby,TN,90.5,28,2019
Smith,TN,100.0,321,2019
Stewart,TN,97.0,190,2019
Sullivan,TN,94.6,102,2019
Sumner,TN,95.7,139,2019
Tipton,TN,97.1,195,2019
Trousdale,TN,141.1,503,2019
Unicoi,TN,102.3,384,2019
Union,TN,97.4,211,2019
Van Buren,TN,101.3,359,2019
Warren,TN,98.9,275,2019
Washington,TN,95.1,117,2019
Wayne,TN,122.0,493,2019
Weakley,TN,95.9,147,2019
White,TN,95.2,119,2019
Williamson,TN,95.7,139,2019
Wilson,TN,96.8,179,2019
Anderson,TX,155.7,507,2019
Andrews,TX,103.5,404,2019
Angelina,TX,95.3,123,2019
Aransas,TX,94.8,108,2019
Archer,TX,99.5,301,2019
Armstrong,TX,99.1,284,2019
Atascosa,TX,99.7,309,2019
Austin,TX,97.3,207,2019
Bailey,TX,103.5,404,2019
Bandera,TX,101.5,365,2019
Bastrop,TX,102.6,388,2019
Baylor,TX,95.4,128,2019
Bee,TX,156.9,508,2019
Bell,TX,99.5,301,2019
Bexar,TX,97.5,216,2019
Blanco,TX,106.9,442,2019
Borden,TX,91.6,40,2019
Bosque,TX,97.1,195,2019
Bowie,TX,101.2,356,2019
Brazoria,TX,102.2,381,2019
Brazos,TX,102.1,379,2019
Brewster,TX,101.4,362,2019
Briscoe,TX,123.1,494,2019
Brooks,TX,114.2,476,2019
Brown,TX,97.4,211,2019
Burleson,TX,98.3,251,2019
Burnet,TX,97.7,223,2019
Caldwell,TX,102.3,384,2019
Calhoun,TX,104.7,421,2019
Callahan,TX,99.2,290,2019
Cameron,TX,94.6,102,2019
Camp,TX,94.8,108,2019
Carson,TX,93.1,62,2019
Cass,TX,93.1,62,2019
Castro,TX,100.9,347,2019
Chambers,TX,102.8,392,2019
Cherokee,TX,104.1,413,2019
Childress,TX,158.0,508,2019
Clay,TX,100.5,336,2019
Cochran,TX,107.4,446,2019
Coke,TX,99.5,301,2019
Coleman,TX,107.0,442,2019
Collin,TX,96.8,179,2019
Collingsworth,TX,101.2,356,2019
Colorado,TX,99.6,305,2019
Comal,TX,97.7,223,2019
Comanche,TX,101.0,350,2019
Concho,TX,179.6,510,2019
Cooke,TX,98.5,260,2019
Coryell,TX,99.6,305,2019
Cottle,TX,82.2,1,2019
Crane,TX,104.9,423,2019
Crockett,TX,93.1,62,2019
Crosby,TX,98.7,267,2019
Culberson,TX,132.1,501,2019
Dallam,TX,103.7,407,2019
Dallas,TX,97.3,207,2019
Dawson,TX,118.1,485,2019
Deaf Smith,TX,100.4,332,2019
Delta,TX,90.1,24,2019
Denton,TX,96.8,179,2019
DeWitt,TX,108.3,451,2019
Dickens,TX,96.9,184,2019
Dimmit,TX,94.1,89,2019
Donley,TX,103.5,404,2019
Duval,TX,103.0,395,2019
Eastland,TX,100.3,330,2019
Ector,TX,103.1,397,2019
Edwards,TX,107.4,446,2019
Ellis,TX,97.3,207,2019
El Paso,TX,97.0,190,2019
Erath,TX,94.7,105,2019
Falls,TX,88.9,16,2019
Fannin,TX,112.0,469,2019
Fayette,TX,97.2,200,2019
Fisher,TX,90.6,28,2019
Floyd,TX,95.1,117,2019
Foard,TX,98.3,251,2019
Fort Bend,TX,96.5,168,2019
Franklin,TX,95.9,147,2019
Freestone,TX,107.3,444,2019
Frio,TX,148.8,506,2019
Gaines,TX,104.0,412,2019
Galveston,TX,97.0,190,2019
Garza,TX,170.9,509,2019
Gillespie,TX,93.7,77,2019
Glasscock,TX,134.8,502,2019
Goliad,TX,98.6,263,2019
Gonzales,TX,103.4,402,2019
Gray,TX,111.6,468,2019
Grayson,TX,95.3,123,2019
Gregg,TX,94.9,112,2019
Grimes,TX,118.4,486,2019
Guadalupe,TX,97.8,227,2019
Hale,TX,108.9,456,2019
Hall,TX,101.3,359,2019
Hamilton,TX,99.9,317,2019
Hansford,TX,104.2,414,2019
Hardeman,TX,94.6,102,2019
Hardin,TX,93.1,62,2019
Harris,TX,98.8,269,2019
Harrison,TX,94.4,97,2019
Hartley,TX,144.0,505,2019
Haskell,TX,107.3,444,2019
Hays,TX,99.2,290,2019
Hemphill,TX,103.6,406,2019
Henderson,TX,95.0,114,2019
Hidalgo,TX,96.0,150,2019
Hill,TX,99.6,305,2019
Hockley,TX,99.5,301,2019
Hood,TX,95.0,114,2019
Hopkins,TX,96.4,165,2019
Houston,TX,118.6,487,2019
Howard,TX,124.4,496,2019
Hudspeth,TX,101.0,350,2019
Hunt,TX,96.6,172,2019
Hutchinson,TX,101.9,374,2019
Irion,TX,107.2,444,2019
Jack,TX,133.0,501,2019
Jackson,TX,97.5,216,2019
Jasper,TX,97.3,207,2019
Jeff Davis,TX,78.9,0,2019
Jefferson,TX,104.6,420,2019
Jim Hogg,TX,95.6,137,2019
Jim Wells,TX,96.5,168,2019
Johnson,TX,99.8,315,2019
Jones,TX,168.9,509,2019
Karnes,TX,143.0,504,2019
Kaufman,TX,96.5,168,2019
Kendall,TX,96.4,165,2019
Kenedy,TX,97.2,200,2019
Kent,TX,83.8,2,2019
Kerr,TX,93.3,67,2019
Kimble,TX,98.3,251,2019
King,TX,97.5,216,2019
Kinney,TX,145.7,505,2019
Kleberg,TX,102.2,381,2019
Knox,TX,99.2,290,2019
Lamar,TX,92.0,43,2019
Lamb,TX,100.7,341,2019
Lampasas,TX,99.9,317,2019
La Salle,TX,139.7,502,2019
Lavaca,TX,93.9,82,2019
Lee,TX,100.0,321,2019
Leon,TX,99.0,281,2019
Liberty,TX,97.5,216,2019
Limestone,TX,105.3,429,2019
Lipscomb,TX,101.5,365,2019
Live Oak,TX,123.5,494,2019
Llano,TX,96.9,184,2019
Loving,TX,122.7,494,2019
Lubbock,TX,97.3,207,2019
Lynn,TX,106.8,441,2019
McCulloch,TX,118.3,486,2019
McLennan,TX,95.4,128,2019
McMullen,TX,114.4,476,2019
Madison,TX,131.3,500,2019
Marion,TX,94.2,92,2019
Martin,TX,108.8,455,2019
Mason,TX,117.0,483,2019
Matagorda,TX,99.6,305,2019
Maverick,TX,99.2,290,2019
Medina,TX,106.5,439,2019
Menard,TX,120.5,490,2019
Midland,TX,102.3,384,2019
Milam,TX,98.2,247,2019
Mills,TX,94.5,99,2019
Mitchell,TX,154.9,507,2019
Montague,TX,94.3,94,2019
Montgomery,TX,98.0,237,2019
Moore,TX,110.2,462,2019
Morris,TX,90.1,24,2019
Motley,TX,117.0,483,2019
Nacogdoches,TX,92.2,45,2019
Navarro,TX,96.8,179,2019
Newton,TX,105.1,427,2019
Nolan,TX,105.3,429,2019
Nueces,TX,97.5,216,2019
Ochiltree,TX,102.5,386,2019
Oldham,TX,111.9,469,2019
Orange,TX,98.5,260,2019
Palo Pinto,TX,97.1,195,2019
Panola,TX,97.1,195,2019
Parker,TX,98.8,269,2019
Parmer,TX,105.2,429,2019
Pecos,TX,130.9,499,2019
Polk,TX,117.9,485,2019
Potter,TX,106.7,440,2019
Presidio,TX,92.5,50,2019
Rains,TX,101.0,350,2019
Randall,TX,96.2,158,2019
Reagan,TX,108.0,450,2019
Real,TX,78.4,0,2019
Red River,TX,89.8,21,2019
Reeves,TX,129.6,499,2019
Refugio,TX,92.8,54,2019
Roberts,TX,92.6,51,2019
Robertson,TX,95.9,147,2019
Rockwall,TX,97.6,219,2019
Runnels,TX,100.8,344,2019
Rusk,TX,113.8,474,2019
Sabine,TX,91.8,42,2019
San Augustine,TX,91.9,42,2019
San Jacinto,TX,95.9,147,2019
San Patricio,TX,101.6,368,2019
San Saba,TX,105.6,433,2019
Schleicher,TX,101.8,372,2019
Scurry,TX,118.6,487,2019
Shackelford,TX,113.2,472,2019
Shelby,TX,98.6,263,2019
Sherman,TX,109.1,456,2019
Smith,TX,93.3,67,2019
Somervell,TX,100.8,344,2019
Starr,TX,94.8,108,2019
Stephens,TX,107.8,448,2019
Sterling,TX,122.6,494,2019
Stonewall,TX,95.2,119,2019
Sutton,TX,117.4,483,2019
Swisher,TX,119.9,490,2019
Tarrant,TX,95.8,144,2019
Taylor,TX,95.2,119,2019
Terrell,TX,89.4,18,2019
Terry,TX,105.1,427,2019
Throckmorton,TX,84.6,3,2019
Titus,TX,96.9,184,2019
Tom Green,TX,99.0,281,2019
Travis,TX,102.1,379,2019
Trinity,TX,92.4,48,2019
Tyler,TX,119.1,488,2019
Upshur,TX,96.5,168,2019
Upton,TX,108.1,450,2019
Uvalde,TX,96.0,150,2019
Val Verde,TX,104.3,416,2019
Van Zandt,TX,96.6,172,2019
Victoria,TX,95.8,144,2019
Walker,TX,140.2,503,2019
Waller,TX,99.4,297,2019
Ward,TX,99.4,297,2019
Washington,TX,96.7,176,2019
Webb,TX,96.0,150,2019
Wharton,TX,96.5,168,2019
Wheeler,TX,105.9,435,2019
Wichita,TX,108.2,451,2019
Wilbarger,TX,95.4,128,2019
Willacy,TX,117.5,484,2019
Williamson,TX,96.9,184,2019
Wilson,TX,101.1,352,2019
Winkler,TX,106.1,436,2019
Wise,TX,101.6,368,2019
Wood,TX,98.9,275,2019
Yoakum,TX,107.9,449,2019
Young,TX,95.0,114,2019
Zapata,TX,98.4,254,2019
Zavala,TX,106.9,442,2019
Beaver,UT,106.6,440,2019
Box Elder,UT,104.4,417,2019
Cache,UT,100.3,330,2019
Carbon,UT,100.3,330,2019
Daggett,UT,131.3,500,2019
Davis,UT,101.7,370,2019
Duchesne,UT,104.2,414,2019
Emery,UT,104.4,417,2019
Garfield,UT,102.0,376,2019
Grand,UT,104.8,422,2019
Iron,UT,98.2,247,2019
Juab,UT,101.9,374,2019
Kane,UT,101.2,356,2019
Millard,UT,105.6,433,2019
Morgan,UT,105.3,429,2019
Piute,UT,119.5,489,2019
Rich,UT,89.2,17,2019
Salt Lake,UT,100.8,344,2019
San Juan,UT,99.3,293,2019
Sanpete,UT,111.3,467,2019
Sevier,UT,104.6,420,2019
Summit,UT,104.1,413,2019
Tooele,UT,101.7,370,2019
Uintah,UT,102.9,393,2019
Utah,UT,102.1,379,2019
Wasatch,UT,104.9,423,2019
Washington,UT,97.7,223,2019
Wayne,UT,106.4,438,2019
Weber,UT,101.0,350,2019
Addison,VT,98.5,260,2019
Bennington,VT,95.8,144,2019
Caledonia,VT,101.0,350,2019
Chittenden,VT,96.4,165,2019
Essex,VT,101.4,362,2019
Franklin,VT,98.7,267,2019
Grand Isle,VT,98.8,269,2019
Lamoille,VT,100.4,332,2019
Orange,VT,99.5,301,2019
Orleans,VT,100.9,347,2019
Rutland,VT,96.6,172,2019
Washington,VT,97.8,227,2019
Windham,VT,94.4,97,2019
Windsor,VT,96.2,158,2019
Accomack,VA,95.2,119,2019
Albemarle,VA,91.7,41,2019
Alleghany,VA,94.6,102,2019
Amelia,VA,103.2,398,2019
Amherst,VA,92.8,54,2019
Appomattox,VA,93.7,77,2019
Arlington,VA,100.1,324,2019
Augusta,VA,104.0,412,2019
Bath,VA,104.5,419,2019
Bedford,VA,96.4,165,2019
Bland,VA,126.2,498,2019
Botetourt,VA,96.4,165,2019
Brunswick,VA,115.2,479,2019
Buchanan,VA,101.2,356,2019
Buckingham,VA,121.7,493,2019
Campbell,VA,93.7,77,2019
Caroline,VA,98.8,269,2019
Carroll,VA,101.4,362,2019
Charles City,VA,95.7,139,2019
Charlotte,VA,96.9,184,2019
Chesterfield,VA,93.0,59,2019
Clarke,VA,103.1,397,2019
Craig,VA,87.0,7,2019
Culpeper,VA,100.1,324,2019
Cumberland,VA,97.4,211,2019
Dickenson,VA,102.6,388,2019
Dinwiddie,VA,96.6,172,2019
Essex,VA,82.4,1,2019
Fairfax,VA,94.7,105,2019
Fauquier,VA,98.0,237,2019
Floyd,VA,101.1,352,2019
Fluvanna,VA,85.0,4,2019
Franklin,VA,80.8,0,2019
Frederick,VA,99.2,290,2019
Giles,VA,96.2,158,2019
Gloucester,VA,95.4,128,2019
Goochland,VA,98.5,260,2019
Grayson,VA,105.2,429,2019
Greene,VA,95.5,133,2019
Greensville,VA,170.0,509,2019
Halifax,VA,93.0,59,2019
Hanover,VA,96.2,158,2019
Henrico,VA,90.1,24,2019
Henry,VA,93.7,77,2019
Highland,VA,93.0,59,2019
Isle of Wight,VA,96.0,150,2019
James City,VA,93.1,62,2019
King and Queen,VA,100.1,324,2019
King George,VA,101.5,365,2019
King William,VA,95.7,139,2019
Lancaster,VA,88.5,14,2019
Lee,VA,109.7,460,2019
Loudoun,VA,98.2,247,2019
Louisa,VA,96.3,162,2019
Lunenburg,VA,105.4,431,2019
Madison,VA,94.6,102,2019
Mathews,VA,99.5,301,2019
Mecklenburg,VA,94.0,85,2019
Middlesex,VA,95.0,114,2019
Montgomery,VA,106.7,440,2019
Nelson,VA,95.5,133,2019
New Kent,VA,100.5,336,2019
Northampton,VA,92.7,53,2019
Northumberland,VA,94.8,108,2019
Nottoway,VA,121.7,493,2019
Orange,VA,96.8,179,2019
Page,VA,97.7,223,2019
Patrick,VA,98.6,263,2019
Pittsylvania,VA,96.7,176,2019
Powhatan,VA,113.6,473,2019
Prince Edward,VA,97.9,232,2019
Prince George,VA,117.5,484,2019
Prince William,VA,99.8,315,2019
Pulaski,VA,100.4,332,2019
Rappahannock,VA,103.0,395,2019
Richmond,VA,90.1,24,2019
Roanoke,VA,90.9,31,2019
Rockbridge,VA,99.0,281,2019
Rockingham,VA,96.3,162,2019
Russell,VA,96.2,158,2019
Scott,VA,102.3,384,2019
Shenandoah,VA,97.2,200,2019
Smyth,VA,97.1,195,2019
Southampton,VA,107.1,443,2019
Spotsylvania,VA,96.7,176,2019
Stafford,VA,101.9,374,2019
Surry,VA,93.6,74,2019
Sussex,VA,149.2,506,2019
Tazewell,VA,98.5,260,2019
Warren,VA,99.1,284,2019
Washington,VA,96.7,176,2019
Westmoreland,VA,98.2,247,2019
Wise,VA,110.2,462,2019
Wythe,VA,95.5,133,2019
York,VA,96.4,165,2019
Alexandria,VA,93.0,59,2019
Bristol,VA,88.9,16,2019
Buena Vista,VA,74.9,0,2019
Charlottesville,VA,93.7,77,2019
Chesapeake,VA,95.6,137,2019
Colonial Heights,VA,86.0,6,2019
Covington,VA,91.8,42,2019
Danville,VA,85.1,4,2019
Emporia,VA,82.2,1,2019
Falls Church,VA,94.6,102,2019
Fredericksburg,VA,83.2,2,2019
Galax,VA,90.2,26,2019
Hampton,VA,93.1,62,2019
Harrisonburg,VA,92.1,44,2019
Hopewell,VA,87.8,11,2019
Lexington,VA,131.4,500,2019
Lynchburg,VA,88.1,12,2019
Manassas,VA,100.7,341,2019
Manassas Park,VA,109.7,460,2019
Martinsville,VA,79.9,0,2019
Newport News,VA,93.6,74,2019
Norfolk,VA,109.3,458,2019
Norton,VA,87.4,9,2019
Petersburg,VA,83.7,2,2019
Poquoson,VA,99.3,293,2019
Portsmouth,VA,92.5,50,2019
Radford,VA,90.2,26,2019
Salem,VA,86.9,7,2019
Staunton,VA,84.2,2,2019
Suffolk,VA,94.2,92,2019
Virginia Beach,VA,96.7,176,2019
Waynesboro,VA,95.9,147,2019
Williamsburg,VA,86.6,7,2019
Winchester,VA,96.4,165,2019
Adams,WA,103.8,409,2019
Asotin,WA,94.1,89,2019
Benton,WA,100.0,321,2019
Chelan,WA,100.5,336,2019
Clallam,WA,97.0,190,2019
Clark,WA,97.8,227,2019
Columbia,WA,93.2,64,2019
Cowlitz,WA,98.0,237,2019
Douglas,WA,100.9,347,2019
Ferry,WA,101.7,370,2019
Franklin,WA,107.7,447,2019
Garfield,WA,104.4,417,2019
Grant,WA,103.4,402,2019
Grays Harbor,WA,105.2,429,2019
Island,WA,99.8,315,2019
Jefferson,WA,95.4,128,2019
King,WA,100.5,336,2019
Kitsap,WA,104.7,421,2019
Kittitas,WA,101.9,374,2019
Klickitat,WA,101.3,359,2019
Lewis,WA,100.1,324,2019
Lincoln,WA,102.2,381,2019
Mason,WA,107.6,447,2019
Okanogan,WA,103.2,398,2019
Pacific,WA,101.2,356,2019
Pend Oreille,WA,101.6,368,2019
Pierce,WA,99.5,301,2019
San Juan,WA,93.0,59,2019
Skagit,WA,97.8,227,2019
Skamania,WA,100.8,344,2019
Snohomish,WA,100.6,339,2019
Spokane,WA,98.4,254,2019
Stevens,WA,99.2,290,2019
Thurston,WA,95.8,144,2019
Wahkiakum,WA,89.6,19,2019
Walla Walla,WA,104.9,423,2019
Whatcom,WA,97.6,219,2019
Whitman,WA,104.7,421,2019
Yakima,WA,100.3,330,2019
Barbour,WV,96.5,168,2019
Berkeley,WV,97.3,207,2019
Boone,WV,98.9,275,2019
Braxton,WV,101.9,374,2019
Brooke,WV,97.5,216,2019
Cabell,WV,95.9,147,2019
Calhoun,WV,93.4,68,2019
Clay,WV,99.2,290,2019
Doddridge,WV,124.0,495,2019
Fayette,WV,101.2,356,2019
Gilmer,WV,142.5,504,2019
Grant,WV,99.7,309,2019
Greenbrier,WV,94.6,102,2019
Hampshire,WV,103.8,409,2019
Hancock,WV,93.2,64,2019
Hardy,WV,106.6,440,2019
Harrison,WV,95.1,117,2019
Jackson,WV,98.5,260,2019
Jefferson,WV,98.0,237,2019
Kanawha,WV,93.0,59,2019
Lewis,WV,100.9,347,2019
Lincoln,WV,98.9,275,2019
Logan,WV,98.3,251,2019
McDowell,WV,105.8,435,2019
Marion,WV,97.1,195,2019
Marshall,WV,98.3,251,2019
Mason,WV,94.4,97,2019
Mercer,WV,90.2,26,2019
Mineral,WV,100.5,336,2019
Mingo,WV,95.3,123,2019
Monongalia,WV,106.8,441,2019
Monroe,WV,98.7,267,2019
Morgan,WV,97.8,227,2019
Nicholas,WV,97.2,200,2019
Ohio,WV,93.0,59,2019
Pendleton,WV,104.9,423,2019
Pleasants,WV,117.7,484,2019
Pocahontas,WV,105.4,431,2019
Preston,WV,105.4,431,2019
Putnam,WV,97.0,190,2019
Raleigh,WV,100.3,330,2019
Randolph,WV,105.4,431,2019
Ritchie,WV,98.5,260,2019
Roane,WV,97.5,216,2019
Summers,WV,85.3,4,2019
Taylor,WV,101.4,362,2019
Tucker,WV,101.2,356,2019
Tyler,WV,99.5,301,2019
Upshur,WV,99.2,290,2019
Wayne,WV,94.7,105,2019
Webster,WV,99.0,281,2019
Wetzel,WV,93.7,77,2019
Wirt,WV,102.6,388,2019
Wood,WV,93.5,71,2019
Wyoming,WV,97.0,190,2019
Adams,WI,115.9,481,2019
Ashland,WI,102.5,386,2019
Barron,WI,99.5,301,2019
Bayfield,WI,103.8,409,2019
Brown,WI,98.4,254,2019
Buffalo,WI,103.7,407,2019
Burnett,WI,105.7,434,2019
Calumet,WI,100.5,336,2019
Chippewa,WI,107.7,447,2019
Clark,WI,102.3,384,2019
Columbia,WI,105.2,429,2019
Crawford,WI,108.8,455,2019
Dane,WI,98.8,269,2019
Dodge,WI,108.4,452,2019
Door,WI,96.5,168,2019
Douglas,WI,101.0,350,2019
Dunn,WI,100.9,347,2019
Eau Claire,WI,98.2,247,2019
Florence,WI,108.7,454,2019
Fond du Lac,WI,97.2,200,2019
Forest,WI,101.4,362,2019
Grant,WI,107.9,449,2019
Green,WI,99.0,281,2019
Green Lake,WI,101.8,372,2019
Iowa,WI,101.0,350,2019
Iron,WI,103.4,402,2019
Jackson,WI,114.5,477,2019
Jefferson,WI,99.9,317,2019
Juneau,WI,114.6,477,2019
Kenosha,WI,97.9,232,2019
Kewaunee,WI,102.4,385,2019
La Crosse,WI,95.1,117,2019
Lafayette,WI,102.7,390,2019
Langlade,WI,102.8,392,2019
Lincoln,WI,100.7,341,2019
Manitowoc,WI,99.5,301,2019
Marathon,WI,100.9,347,2019
Marinette,WI,101.2,356,2019
Marquette,WI,103.9,410,2019
Menominee,WI,101.6,368,2019
Milwaukee,WI,93.8,79,2019
Monroe,WI,102.1,379,2019
Oconto,WI,104.0,412,2019
Oneida,WI,101.2,356,2019
Outagamie,WI,99.7,309,2019
Ozaukee,WI,96.8,179,2019
Pepin,WI,103.2,398,2019
Pierce,WI,98.1,242,2019
Polk,WI,101.5,365,2019
Portage,WI,101.5,365,2019
Price,WI,103.0,395,2019
Racine,WI,98.2,247,2019
Richland,WI,100.8,344,2019
Rock,WI,97.1,195,2019
Rusk,WI,100.2,326,2019
St. Croix,WI,99.8,315,2019
Sauk,WI,99.8,315,2019
Sawyer,WI,103.9,410,2019
Shawano,WI,99.7,309,2019
Sheboygan,WI,101.3,359,2019
Taylor,WI,104.1,413,2019
Trempealeau,WI,103.2,398,2019
Vernon,WI,101.3,359,2019
Vilas,WI,103.0,395,2019
Walworth,WI,99.6,305,2019
Washburn,WI,99.1,284,2019
Washington,WI,98.5,260,2019
Waukesha,WI,96.8,179,2019
Waupaca,WI,104.9,423,2019
Waushara,WI,111.3,467,2019
Winnebago,WI,101.5,365,2019
Wood,WI,97.0,190,2019
Albany,WY,108.0,450,2019
Big Horn,WY,104.5,419,2019
Campbell,WY,103.3,400,2019
Carbon,WY,115.7,480,2019
Converse,WY,106.2,437,2019
Crook,WY,100.5,336,2019
Fremont,WY,101.3,359,2019
Goshen,WY,103.6,406,2019
Hot Springs,WY,100.7,341,2019
Johnson,WY,109.5,459,2019
Laramie,WY,102.9,393,2019
Lincoln,WY,103.5,404,2019
Natrona,WY,100.9,347,2019
Niobrara,WY,82.0,1,2019
Park,WY,96.9,184,2019
Platte,WY,111.8,469,2019
Sheridan,WY,99.3,293,2019
Sublette,WY,124.4,496,2019
Sweetwater,WY,106.8,441,2019
Teton,WY,112.5,471,2019
Uinta,WY,103.3,400,2019
Washakie,WY,102.6,388,2019
Weston,WY,111.7,468,2019
Adjuntas,,99.3,293,2019
Aguada,,95.7,139,2019
Aguadilla,,94.0,85,2019
Aguas Buenas,,94.1,89,2019
Aibonito,,92.2,45,2019
Aasco,,93.5,71,2019
Arecibo,,91.6,40,2019
Arroyo,,87.8,11,2019
Barceloneta,,90.1,24,2019
Barranquitas,,97.0,190,2019
Bayamn,,89.1,16,2019
Cabo Rojo,,89.9,21,2019
Caguas,,86.9,7,2019
Camuy,,91.6,40,2019
Canvanas,,92.9,56,2019
Carolina,,84.3,3,2019
Catao,,89.5,18,2019
Cayey,,92.2,45,2019
Ceiba,,90.0,22,2019
Ciales,,94.5,99,2019
Cidra,,93.9,82,2019
Coamo,,94.3,94,2019
Comero,,98.0,237,2019
Corozal,,93.9,82,2019
Culebra,,103.9,410,2019
Dorado,,90.7,29,2019
Fajardo,,87.3,9,2019
Florida,,92.6,51,2019
Gunica,,93.0,59,2019
Guayama,,98.4,254,2019
Guayanilla,,90.9,31,2019
Guaynabo,,89.0,16,2019
Gurabo,,89.4,18,2019
Hatillo,,92.3,47,2019
Hormigueros,,85.3,4,2019
Humacao,,89.3,17,2019
Isabela,,94.7,105,2019
Jayuya,,97.7,223,2019
Juana Daz,,90.6,28,2019
Juncos,,90.7,29,2019
Lajas,,94.7,105,2019
Lares,,96.8,179,2019
Las Maras,,99.7,309,2019
Las Piedras,,92.5,50,2019
Loza,,87.1,8,2019
Luquillo,,88.3,13,2019
Manat,,88.9,16,2019
Maricao,,98.5,260,2019
Maunabo,,94.7,105,2019
Mayagez,,91.2,34,2019
Moca,,95.2,119,2019
Morovis,,98.4,254,2019
Naguabo,,87.9,12,2019
Naranjito,,96.4,165,2019
Orocovis,,100.2,326,2019
Patillas,,94.9,112,2019
Peuelas,,94.1,89,2019
Ponce,,92.5,50,2019
Quebradillas,,93.0,59,2019
Rincn,,93.3,67,2019
Ro Grande,,92.7,53,2019
Sabana Grande,,88.8,15,2019
Salinas,,93.5,71,2019
San Germn,,94.6,102,2019
San Juan,,84.3,3,2019
San Lorenzo,,94.7,105,2019
San Sebastin,,94.4,97,2019
Santa Isabel,,93.2,64,2019
Toa Alta,,92.3,47,2019
Toa Baja,,87.9,12,2019
Trujillo Alto,,88.6,14,2019
Utuado,,94.2,92,2019
Vega Alta,,92.0,43,2019
Vega Baja,,91.7,41,2019
Vieques,,98.0,237,2019
Villalba,,94.0,85,2019
Yabucoa,,93.7,77,2019
Yauco,,91.8,42,2019
